﻿# Host: 127.0.0.1  (Version 5.5.5-10.4.13-MariaDB)
# Date: 2021-09-06 17:00:30
# Generator: MySQL-Front 6.1  (Build 1.26)


#
# Structure for table "campanias"
#

DROP TABLE IF EXISTS `campanias`;
CREATE TABLE `campanias` (
  `idcampania` bigint(20) NOT NULL AUTO_INCREMENT,
  `nombre` varchar(250) DEFAULT NULL,
  PRIMARY KEY (`idcampania`)
) ENGINE=InnoDB DEFAULT CHARSET=latin1;

#
# Data for table "campanias"
#


#
# Structure for table "canjes"
#

DROP TABLE IF EXISTS `canjes`;
CREATE TABLE `canjes` (
  `idcanje` bigint(20) NOT NULL AUTO_INCREMENT,
  `idcliente` bigint(20) DEFAULT NULL,
  `idpremio` bigint(20) DEFAULT NULL,
  `estado` varchar(20) DEFAULT NULL,
  `fecha` datetime DEFAULT NULL,
  `valor` bigint(20) DEFAULT NULL,
  `lugar_entrega` varchar(500) DEFAULT NULL,
  `observaciones` varchar(500) DEFAULT NULL,
  `seguimiento` varchar(250) DEFAULT NULL,
  PRIMARY KEY (`idcanje`)
) ENGINE=InnoDB DEFAULT CHARSET=utf8;

#
# Data for table "canjes"
#


#
# Structure for table "clientes"
#

DROP TABLE IF EXISTS `clientes`;
CREATE TABLE `clientes` (
  `idcliente` bigint(20) NOT NULL AUTO_INCREMENT,
  `idgrupo` bigint(20) DEFAULT NULL,
  `codigo_cliente` varchar(100) DEFAULT NULL,
  `codigo_unico` varchar(100) DEFAULT NULL,
  `razon_social` varchar(100) DEFAULT NULL,
  `nombre` varchar(50) DEFAULT NULL,
  `apellido` varchar(50) DEFAULT NULL,
  `clave` varchar(20) DEFAULT NULL,
  `email` varchar(50) DEFAULT NULL,
  `cuit` varchar(20) DEFAULT NULL,
  `domicilio` varchar(100) DEFAULT NULL,
  `domicilio_localidad` varchar(100) DEFAULT NULL,
  `domicilio_provincia` varchar(20) DEFAULT NULL,
  `domicilio_cp` varchar(10) DEFAULT NULL,
  `tel_movil` varchar(20) DEFAULT NULL,
  `tel_otro` varchar(20) DEFAULT NULL,
  `acepta_basesycond` char(1) DEFAULT '1' COMMENT '1=si;0=no',
  `estado` char(1) DEFAULT 'A' COMMENT 'A=activo;I=inactivo',
  `fechaalta` date DEFAULT NULL,
  `dni` varchar(20) DEFAULT NULL,
  `lastlog` datetime DEFAULT NULL,
  PRIMARY KEY (`idcliente`)
) ENGINE=InnoDB DEFAULT CHARSET=utf8;

#
# Data for table "clientes"
#


#
# Structure for table "concursos"
#

DROP TABLE IF EXISTS `concursos`;
CREATE TABLE `concursos` (
  `idconcurso` bigint(20) NOT NULL AUTO_INCREMENT,
  `titulo` varchar(250) DEFAULT NULL,
  `imagen` varchar(250) DEFAULT NULL,
  `descripcion` text DEFAULT NULL,
  `chances_minimas` int(11) DEFAULT NULL,
  `aviso_legal` text DEFAULT NULL,
  `fecha_desde` date DEFAULT NULL,
  `fecha_hasta` date DEFAULT NULL,
  PRIMARY KEY (`idconcurso`)
) ENGINE=InnoDB DEFAULT CHARSET=latin1;

#
# Data for table "concursos"
#


#
# Structure for table "concursos_clientes"
#

DROP TABLE IF EXISTS `concursos_clientes`;
CREATE TABLE `concursos_clientes` (
  `id` bigint(20) NOT NULL AUTO_INCREMENT,
  `idcliente` bigint(20) DEFAULT NULL,
  `idconcurso` bigint(20) DEFAULT NULL,
  PRIMARY KEY (`id`)
) ENGINE=InnoDB DEFAULT CHARSET=latin1;

#
# Data for table "concursos_clientes"
#


#
# Structure for table "ganadores"
#

DROP TABLE IF EXISTS `ganadores`;
CREATE TABLE `ganadores` (
  `id` int(11) NOT NULL AUTO_INCREMENT,
  `id_socio` int(11) DEFAULT NULL,
  `fecha` date NOT NULL DEFAULT '0000-00-00',
  `concepto` varchar(255) DEFAULT NULL,
  `ranking` int(11) NOT NULL DEFAULT 0,
  `puntaje` float NOT NULL DEFAULT 0,
  PRIMARY KEY (`id`)
) ENGINE=MyISAM AUTO_INCREMENT=95948413 DEFAULT CHARSET=latin1;

#
# Data for table "ganadores"
#

/*!40000 ALTER TABLE `ganadores` DISABLE KEYS */;
INSERT INTO `ganadores` VALUES (28509111,28509111,'2021-08-05','\tTotalizador',9,405),(29506159,29506159,'2021-08-05','\tTotalizador',2,572),(42489506,42489506,'2021-08-05','\tTotalizador',5,462);
/*!40000 ALTER TABLE `ganadores` ENABLE KEYS */;

#
# Structure for table "grupos"
#

DROP TABLE IF EXISTS `grupos`;
CREATE TABLE `grupos` (
  `idgrupo` bigint(20) NOT NULL AUTO_INCREMENT,
  `nombre` varchar(250) CHARACTER SET utf8 DEFAULT NULL,
  `descripcion` varchar(1000) CHARACTER SET utf8 DEFAULT NULL,
  PRIMARY KEY (`idgrupo`)
) ENGINE=InnoDB AUTO_INCREMENT=3 DEFAULT CHARSET=latin1;

#
# Data for table "grupos"
#

INSERT INTO `grupos` VALUES (1,'DISTRIBUIDORES',''),(2,'DIRECTA','');

#
# Structure for table "localidades"
#

DROP TABLE IF EXISTS `localidades`;
CREATE TABLE `localidades` (
  `idlocalidad` bigint(20) NOT NULL AUTO_INCREMENT,
  `localidad` varchar(250) DEFAULT NULL,
  `idprovincia` bigint(20) DEFAULT NULL,
  `provincia` varchar(250) DEFAULT NULL,
  PRIMARY KEY (`idlocalidad`)
) ENGINE=InnoDB AUTO_INCREMENT=1379 DEFAULT CHARSET=utf8;

#
# Data for table "localidades"
#

INSERT INTO `localidades` VALUES (210,'9 de Julio',1,'Buenos Aires'),(211,'Acassuso',1,'Buenos Aires'),(212,'Adrogue',1,'Buenos Aires'),(213,'Alberti',1,'Buenos Aires'),(214,'Aldo Bonzi',1,'Buenos Aires'),(215,'Alejandro Korn',1,'Buenos Aires'),(216,'Almirante Brown',1,'Buenos Aires'),(217,'Ameghino',1,'Buenos Aires'),(218,'Arrecifes',1,'Buenos Aires'),(219,'Avellaneda',1,'Buenos Aires'),(220,'Azul',1,'Buenos Aires'),(221,'Bahía Blanca',1,'Buenos Aires'),(222,'Balcarce',1,'Buenos Aires'),(223,'Ballester',1,'Buenos Aires'),(224,'Banfield',1,'Buenos Aires'),(225,'Baradero',1,'Buenos Aires'),(226,'Batán',1,'Buenos Aires'),(227,'Beccar',1,'Buenos Aires'),(228,'Belén de Escobar',1,'Buenos Aires'),(229,'Bella Vista',1,'Buenos Aires'),(230,'Benavidez',1,'Buenos Aires'),(231,'Benito Juarez',1,'Buenos Aires'),(232,'Berazategui',1,'Buenos Aires'),(233,'Berisso',1,'Buenos Aires'),(234,'Bernal',1,'Buenos Aires'),(235,'Boulogne',1,'Buenos Aires'),(236,'Bragado',1,'Buenos Aires'),(237,'Brandsen',1,'Buenos Aires'),(238,'Burzaco',1,'Buenos Aires'),(239,'Campana',1,'Buenos Aires'),(240,'Canning',1,'Buenos Aires'),(241,'Cañuelas',1,'Buenos Aires'),(242,'Capilla del Señor',1,'Buenos Aires'),(243,'Carapachay',1,'Buenos Aires'),(244,'Carhué',1,'Buenos Aires'),(245,'Cariló',1,'Buenos Aires'),(246,'Carlos Keen',1,'Buenos Aires'),(247,'Carmen de Areco',1,'Buenos Aires'),(248,'Carmen de Patagones',1,'Buenos Aires'),(249,'Caseros',1,'Buenos Aires'),(250,'Castelar',1,'Buenos Aires'),(251,'Cerro Leones',1,'Buenos Aires'),(252,'Chacabuco',1,'Buenos Aires'),(253,'Chascomús',1,'Buenos Aires'),(254,'Chivilcoy',1,'Buenos Aires'),(255,'City Bell',1,'Buenos Aires'),(256,'Ciudad Evita',1,'Buenos Aires'),(257,'Ciudadela',1,'Buenos Aires'),(258,'Claromecó',1,'Buenos Aires'),(259,'Claypole',1,'Buenos Aires'),(260,'Colón',1,'Buenos Aires'),(261,'Coronel Brandsen',1,'Buenos Aires'),(262,'Coronel Pringles',1,'Buenos Aires'),(263,'Coronel Rosales',1,'Buenos Aires'),(264,'Coronel Suárez',1,'Buenos Aires'),(265,'Coronel Vidal',1,'Buenos Aires'),(266,'Costa Azul',1,'Buenos Aires'),(267,'Costa del Este',1,'Buenos Aires'),(268,'Del Viso',1,'Buenos Aires'),(269,'Dock Sud',1,'Buenos Aires'),(270,'Dolores',1,'Buenos Aires'),(271,'Don Bosco',1,'Buenos Aires'),(272,'Don Torcuato',1,'Buenos Aires'),(273,'El Palomar',1,'Buenos Aires'),(274,'El Talar',1,'Buenos Aires'),(275,'Exaltación de la Cruz',1,'Buenos Aires'),(276,'Ezeiza',1,'Buenos Aires'),(277,'Ezpeleta',1,'Buenos Aires'),(278,'Florencio Varela',1,'Buenos Aires'),(279,'Florida',1,'Buenos Aires'),(280,'General Alvarado',1,'Buenos Aires'),(281,'General Belgrano',1,'Buenos Aires'),(282,'General Las Heras',1,'Buenos Aires'),(283,'General Pacheco',1,'Buenos Aires'),(284,'General Rodríguez',1,'Buenos Aires'),(285,'Gerly',1,'Buenos Aires'),(286,'Glew',1,'Buenos Aires'),(287,'Gonzales Catán',1,'Buenos Aires'),(288,'Haedo',1,'Buenos Aires'),(289,'Henderson',1,'Buenos Aires'),(290,'Hurlingham',1,'Buenos Aires'),(291,'Ingeniero Maschwitz',1,'Buenos Aires'),(292,'Isidro Casanova',1,'Buenos Aires'),(293,'Ituzaingo',1,'Buenos Aires'),(294,'José Marmol',1,'Buenos Aires'),(295,'Junín',1,'Buenos Aires'),(296,'La Lucila',1,'Buenos Aires'),(297,'La Matanza',1,'Buenos Aires'),(298,'La Plata',1,'Buenos Aires'),(299,'La Reja',1,'Buenos Aires'),(300,'La Tablada',1,'Buenos Aires'),(301,'Laferrere',1,'Buenos Aires'),(302,'Lanús',1,'Buenos Aires'),(303,'Lavallol',1,'Buenos Aires'),(304,'Lezama',1,'Buenos Aires'),(305,'Libertad',1,'Buenos Aires'),(306,'Lobos',1,'Buenos Aires'),(307,'Loma Hermosa',1,'Buenos Aires'),(308,'Lomas de Zamora',1,'Buenos Aires'),(309,'Lomas del Mirador',1,'Buenos Aires'),(310,'Longchamps',1,'Buenos Aires'),(311,'Los Polvorines',1,'Buenos Aires'),(312,'Los Toldos',1,'Buenos Aires'),(313,'Lucila del Mar',1,'Buenos Aires'),(314,'Luján',1,'Buenos Aires'),(315,'Maipú',1,'Buenos Aires'),(316,'Malvinas Argentinas',1,'Buenos Aires'),(317,'Mar Azul',1,'Buenos Aires'),(318,'Mar de Ajó',1,'Buenos Aires'),(319,'Mar de las Pampas',1,'Buenos Aires'),(320,'Mar del Plata',1,'Buenos Aires'),(321,'Mar del Sud',1,'Buenos Aires'),(322,'Mar del Tuyú',1,'Buenos Aires'),(323,'Marcos Paz',1,'Buenos Aires'),(324,'Martín Coronado',1,'Buenos Aires'),(325,'Martínez',1,'Buenos Aires'),(327,'Médanos',1,'Buenos Aires'),(328,'Mercedes',1,'Buenos Aires'),(329,'Merlo',1,'Buenos Aires'),(330,'Miramar',1,'Buenos Aires'),(331,'Monte Chingolo',1,'Buenos Aires'),(332,'Monte Grande',1,'Buenos Aires'),(333,'Monte Hermoso',1,'Buenos Aires'),(334,'Moreno',1,'Buenos Aires'),(335,'Morón',1,'Buenos Aires'),(336,'Munro',1,'Buenos Aires'),(337,'Olavarría',1,'Buenos Aires'),(338,'Olivos',1,'Buenos Aires'),(339,'Open Door',1,'Buenos Aires'),(340,'Pablo Noguéz',1,'Buenos Aires'),(341,'Pablo Podestá',1,'Buenos Aires'),(342,'Paso del Rey',1,'Buenos Aires'),(343,'Pergamino',1,'Buenos Aires'),(344,'Pilar',1,'Buenos Aires'),(345,'Pinamar',1,'Buenos Aires'),(346,'Piñeiro',1,'Buenos Aires'),(347,'Pontevedra',1,'Buenos Aires'),(348,'Puerto de Olivos',1,'Buenos Aires'),(349,'Punta Alta',1,'Buenos Aires'),(350,'Quequén',1,'Buenos Aires'),(351,'Quilmes',1,'Buenos Aires'),(352,'Quiroga',1,'Buenos Aires'),(353,'Rafael Calzada',1,'Buenos Aires'),(354,'Rafael Castillo',1,'Buenos Aires'),(355,'Ramallo',1,'Buenos Aires'),(356,'Ramos Mejía',1,'Buenos Aires'),(357,'Remedios de Escalada',1,'Buenos Aires'),(358,'Rivadavia',1,'Buenos Aires'),(359,'Rojas',1,'Buenos Aires'),(360,'Sáenz Peña',1,'Buenos Aires'),(361,'Saladillo',1,'Buenos Aires'),(362,'Salliqueló',1,'Buenos Aires'),(363,'Salto',1,'Buenos Aires'),(364,'San Andrés',1,'Buenos Aires'),(365,'San Andrés de Giles',1,'Buenos Aires'),(366,'San Antonio de Areco',1,'Buenos Aires'),(367,'San Antonio de Padua',1,'Buenos Aires'),(368,'San Bernardo',1,'Buenos Aires'),(369,'San Cayetano',1,'Buenos Aires'),(370,'San Clemente del Tuyú',1,'Buenos Aires'),(371,'San Fernando',1,'Buenos Aires'),(372,'San Isidro',1,'Buenos Aires'),(373,'San Justo',1,'Buenos Aires'),(374,'San Martín',1,'Buenos Aires'),(375,'San Miguel',1,'Buenos Aires'),(376,'San Nicolás de los Arroyos',1,'Buenos Aires'),(377,'San Pedro',1,'Buenos Aires'),(378,'San Vicente',1,'Buenos Aires'),(379,'Santa Clara del Mar',1,'Buenos Aires'),(380,'Santa Teresita',1,'Buenos Aires'),(381,'Santos Lugares',1,'Buenos Aires'),(382,'Sarandí',1,'Buenos Aires'),(383,'Sierra de la Ventana',1,'Buenos Aires'),(384,'Sierra de los Padres',1,'Buenos Aires'),(385,'Suipacha',1,'Buenos Aires'),(386,'Tandil',1,'Buenos Aires'),(387,'Tapalqué',1,'Buenos Aires'),(388,'Tapiales',1,'Buenos Aires'),(389,'Temperley',1,'Buenos Aires'),(390,'Tigre',1,'Buenos Aires'),(391,'Tortuguitas',1,'Buenos Aires'),(392,'Trenque Lauquen',1,'Buenos Aires'),(393,'Tres Arroyos',1,'Buenos Aires'),(394,'Tres de Febrero',1,'Buenos Aires'),(395,'Tristán Suárez',1,'Buenos Aires'),(396,'Trujuy',1,'Buenos Aires'),(397,'Turdera',1,'Buenos Aires'),(398,'Valentín Alsina',1,'Buenos Aires'),(399,'Valeria del Mar',1,'Buenos Aires'),(400,'Verónica',1,'Buenos Aires'),(401,'Vicente Casares',1,'Buenos Aires'),(402,'Vicente López',1,'Buenos Aires'),(403,'Victoria',1,'Buenos Aires'),(404,'Villa Adelina',1,'Buenos Aires'),(405,'Villa Ballester',1,'Buenos Aires'),(406,'Villa Bosch',1,'Buenos Aires'),(407,'Villa Domínico',1,'Buenos Aires'),(408,'Villa Elisa',1,'Buenos Aires'),(409,'Villa Gesell',1,'Buenos Aires'),(410,'Villa Luzuriaga',1,'Buenos Aires'),(411,'Villa Lynch',1,'Buenos Aires'),(412,'Villa Madero',1,'Buenos Aires'),(413,'Villa Martelli',1,'Buenos Aires'),(414,'Villa Raffo',1,'Buenos Aires'),(415,'Villa Sarmiento',1,'Buenos Aires'),(416,'Villa Ventana',1,'Buenos Aires'),(417,'Wilde',1,'Buenos Aires'),(418,'Zárate',1,'Buenos Aires'),(419,'Agronomía',2,'Capital Federal'),(420,'Almagro',2,'Capital Federal'),(421,'Balvanera',2,'Capital Federal'),(422,'Barracas',2,'Capital Federal'),(423,'Belgrano',2,'Capital Federal'),(424,'Boedo',2,'Capital Federal'),(425,'Caballito',2,'Capital Federal'),(426,'Chacarita',2,'Capital Federal'),(427,'Coghlan',2,'Capital Federal'),(428,'Colegiales',2,'Capital Federal'),(429,'Constitucion',2,'Capital Federal'),(430,'Flores',2,'Capital Federal'),(431,'Floresta',2,'Capital Federal'),(432,'La Boca',2,'Capital Federal'),(433,'Liniers',2,'Capital Federal'),(434,'Mataderos',2,'Capital Federal'),(435,'Monserrat',2,'Capital Federal'),(436,'Monte Castro',2,'Capital Federal'),(437,'Nueva Pompeya',2,'Capital Federal'),(438,'Núñez',2,'Capital Federal'),(439,'Palermo',2,'Capital Federal'),(440,'Parque Avellaneda',2,'Capital Federal'),(441,'Parque Chacabuco',2,'Capital Federal'),(442,'Parque Patricios',2,'Capital Federal'),(443,'Paternal',2,'Capital Federal'),(444,'Puerto Madero',2,'Capital Federal'),(445,'Recoleta',2,'Capital Federal'),(446,'Retiro',2,'Capital Federal'),(447,'Saavedra',2,'Capital Federal'),(448,'San Cristóbal',2,'Capital Federal'),(449,'San Nicolás',2,'Capital Federal'),(450,'San Telmo',2,'Capital Federal'),(451,'Vélez Sarsfield',2,'Capital Federal'),(452,'Versalles',2,'Capital Federal'),(453,'Villa Crespo',2,'Capital Federal'),(454,'Villa del Parque',2,'Capital Federal'),(455,'Villa Devoto',2,'Capital Federal'),(456,'Villa General Mitre',2,'Capital Federal'),(457,'Villa Lugano',2,'Capital Federal'),(458,'Villa Ortúzar',2,'Capital Federal'),(459,'Villa Pueyrredón',2,'Capital Federal'),(460,'Villa Real',2,'Capital Federal'),(461,'Villa Riachuelo',2,'Capital Federal'),(462,'Villa Santa Rita',2,'Capital Federal'),(463,'Villa Soldati',2,'Capital Federal'),(464,'Villa Urquiza',2,'Capital Federal'),(465,'Andalgalá',3,'Catamarca'),(466,'Belén',3,'Catamarca'),(467,'Chumbicha',3,'Catamarca'),(468,'Fiambalá',3,'Catamarca'),(469,'Huillapima',3,'Catamarca'),(470,'Londres',3,'Catamarca'),(471,'Los Altos',3,'Catamarca'),(472,'Pomán',3,'Catamarca'),(473,'Recreo',3,'Catamarca'),(474,'San Fernando del Valle de Catamarca',3,'Catamarca'),(475,'San Isidro',3,'Catamarca'),(476,'San José',3,'Catamarca'),(477,'Santa María',3,'Catamarca'),(478,'Tinogasta',3,'Catamarca'),(479,'Avia Terai',4,'Chaco'),(480,'Barranqueras',4,'Chaco'),(481,'Campo Largo',4,'Chaco'),(482,'Charata',4,'Chaco'),(483,'Colonia Elisa',4,'Chaco'),(484,'Colonias Unidas',4,'Chaco'),(485,'Concepción del Bermejo',4,'Chaco'),(486,'Coronel Du Graty',4,'Chaco'),(487,'Corzuela',4,'Chaco'),(488,'El Sauzalito',4,'Chaco'),(489,'Fontana',4,'Chaco'),(490,'Gancedo',4,'Chaco'),(491,'General José de San Martín 1',4,'Chaco'),(492,'General Pinedo',4,'Chaco'),(493,'Hermoso Campo',4,'Chaco'),(494,'Juan José Castelli',4,'Chaco'),(495,'La Clotilde',4,'Chaco'),(496,'La Escondida',4,'Chaco'),(497,'La Leonesa',4,'Chaco'),(498,'La Tigra',4,'Chaco'),(499,'La Verde',4,'Chaco'),(500,'Las Breñas',4,'Chaco'),(501,'Las Palmas',4,'Chaco'),(502,'Los Frentones',4,'Chaco'),(503,'Machagai',4,'Chaco'),(504,'Makallé',4,'Chaco'),(505,'Margarita Belén',4,'Chaco'),(506,'Pampa del Indio',4,'Chaco'),(507,'Pampa del Infierno',4,'Chaco'),(508,'Presidencia de la Plaza',4,'Chaco'),(509,'Presidencia Roca',4,'Chaco'),(510,'Presidencia Roque Sáenz Peña',4,'Chaco'),(511,'Puerto Tirol',4,'Chaco'),(512,'Puerto Vilelas',4,'Chaco'),(513,'Quitilipi',4,'Chaco'),(514,'Resistencia',4,'Chaco'),(515,'San Bernardo',4,'Chaco'),(516,'Santa Sylvina',4,'Chaco'),(517,'Taco Pozo',4,'Chaco'),(518,'Tres Isletas',4,'Chaco'),(519,'Villa Angela',4,'Chaco'),(520,'Villa Berthet',4,'Chaco'),(521,'Comodoro Rivadavia',5,'Chubut'),(522,'Dolavon',5,'Chubut'),(523,'El Maitén',5,'Chubut'),(524,'Esquel',5,'Chubut'),(525,'Gaiman',5,'Chubut'),(526,'Lago Puelo',5,'Chubut'),(527,'Playa Unión',5,'Chubut'),(528,'Puerto Madryn',5,'Chubut'),(529,'Rada Tilly',5,'Chubut'),(530,'rawson',5,'Chubut'),(531,'Río Mayo',5,'Chubut'),(532,'Sarmiento',5,'Chubut'),(533,'Trelew',5,'Chubut'),(534,'Trevelín',5,'Chubut'),(535,'Achiras',6,'Cordoba'),(536,'Adelia María',6,'Cordoba'),(537,'Agua de Oro',6,'Cordoba'),(538,'Alcira',6,'Cordoba'),(539,'Alejandro Roca',6,'Cordoba'),(540,'Alejo Ledesma',6,'Cordoba'),(541,'Alicia',6,'Cordoba'),(542,'Almafuerte',6,'Cordoba'),(543,'Alta Gracia',6,'Cordoba'),(544,'Anisacate',6,'Cordoba'),(545,'Arias',6,'Cordoba'),(546,'Arroyito',6,'Cordoba'),(547,'Arroyo Cabral',6,'Cordoba'),(548,'Ballesteros',6,'Cordoba'),(549,'Balnearia',6,'Cordoba'),(550,'Bell ville',6,'Cordoba'),(551,'Berrotarán',6,'Cordoba'),(552,'Bialet Massé',6,'Cordoba'),(553,'Bouwer',6,'Cordoba'),(554,'Brinckmann',6,'Cordoba'),(555,'Calchín',6,'Cordoba'),(556,'Camilo Aldao',6,'Cordoba'),(557,'Canals',6,'Cordoba'),(558,'Capilla del Monte',6,'Cordoba'),(559,'Casa Grande',6,'Cordoba'),(560,'Colonia Caroya',6,'Cordoba'),(561,'Córdoba',6,'Cordoba'),(562,'Coronel Moldes',6,'Cordoba'),(563,'Corral de Bustos',6,'Cordoba'),(564,'Cosquín',6,'Cordoba'),(565,'Cruz Alta',6,'Cordoba'),(566,'Cruz del Eje',6,'Cordoba'),(567,'Cuesta Blanca',6,'Cordoba'),(568,'Deán Funes',6,'Cordoba'),(569,'Del campillo',6,'Cordoba'),(570,'Despeñaderos',6,'Cordoba'),(571,'Devoto',6,'Cordoba'),(572,'El Manzano',6,'Cordoba'),(573,'Elena',6,'Cordoba'),(574,'Embalse',6,'Cordoba'),(575,'Estación Juárez Celman',6,'Cordoba'),(576,'Estancia Vieja',6,'Cordoba'),(577,'Etruria',6,'Cordoba'),(578,'Freyre',6,'Cordoba'),(579,'General Baldissera',6,'Cordoba'),(580,'General Cabrera',6,'Cordoba'),(581,'General Deheza',6,'Cordoba'),(582,'General Levalle',6,'Cordoba'),(583,'General Roca',6,'Cordoba'),(584,'Guatimozín',6,'Cordoba'),(585,'Guiñazú Norte',6,'Cordoba'),(586,'Hernando',6,'Cordoba'),(587,'Huerta Grande',6,'Cordoba'),(588,'Huinca Renancó',6,'Cordoba'),(589,'Inriville',6,'Cordoba'),(590,'Isla Verde',6,'Cordoba'),(591,'James Craik',6,'Cordoba'),(592,'Jardín Arenales',6,'Cordoba'),(593,'Jesús María',6,'Cordoba'),(594,'Justiniano Posse',6,'Cordoba'),(595,'La Calera',6,'Cordoba'),(596,'La Carlota',6,'Cordoba'),(597,'La Cumbre',6,'Cordoba'),(598,'La Falda',6,'Cordoba'),(599,'La Francia',6,'Cordoba'),(600,'La Granja',6,'Cordoba'),(601,'La Para',6,'Cordoba'),(602,'La Playosa',6,'Cordoba'),(603,'La Rancherita',6,'Cordoba'),(604,'La Serranita',6,'Cordoba'),(605,'Laborde',6,'Cordoba'),(606,'Laboulaye',6,'Cordoba'),(607,'Laguna Larga',6,'Cordoba'),(608,'Las Acequias',6,'Cordoba'),(609,'Las Higueras',6,'Cordoba'),(610,'Las Perdices',6,'Cordoba'),(611,'Las Tapias',6,'Cordoba'),(612,'Las Varillas',6,'Cordoba'),(613,'Leones',6,'Cordoba'),(614,'Los Cerrillos',6,'Cordoba'),(615,'Los Cocos',6,'Cordoba'),(616,'Los Cóndores',6,'Cordoba'),(617,'Los Surgentes',6,'Cordoba'),(618,'Luque',6,'Cordoba'),(619,'Malagueño',6,'Cordoba'),(620,'Malvinas Argentinas',6,'Cordoba'),(621,'Marcos Juárez',6,'Cordoba'),(622,'Mina Clavero',6,'Cordoba'),(623,'Monte Buey',6,'Cordoba'),(624,'Monte Maíz',6,'Cordoba'),(625,'Morteros',6,'Cordoba'),(626,'Noetinger',6,'Cordoba'),(627,'Oliva',6,'Cordoba'),(628,'Oncativo',6,'Cordoba'),(629,'Ordoñez',6,'Cordoba'),(630,'Parque Norte',6,'Cordoba'),(631,'Pascanas',6,'Cordoba'),(632,'Pilar',6,'Cordoba'),(633,'Porteña',6,'Cordoba'),(634,'Pozo del Molle',6,'Cordoba'),(635,'Quilino',6,'Cordoba'),(636,'Río Ceballos',6,'Cordoba'),(637,'Río Cuarto',6,'Cordoba'),(638,'Río Tercero',6,'Cordoba'),(639,'Sacanta',6,'Cordoba'),(640,'Saldán',6,'Cordoba'),(641,'Salsipuedes',6,'Cordoba'),(642,'Sampacho',6,'Cordoba'),(643,'San Agustín',6,'Cordoba'),(644,'San Antonio de Arredondo',6,'Cordoba'),(645,'San Basilio',6,'Cordoba'),(646,'San Esteban',6,'Cordoba'),(647,'San Francisco',6,'Cordoba'),(648,'San Francisco del Chañar',6,'Cordoba'),(649,'San José de la Dormida',6,'Cordoba'),(650,'San Marcos',6,'Cordoba'),(651,'San Pedro',6,'Cordoba'),(652,'San Roque',6,'Cordoba'),(653,'Santa Catalina',6,'Cordoba'),(654,'Santa Eufemia',6,'Cordoba'),(655,'Santa Magdalena',6,'Cordoba'),(656,'Santa María de Punilla',6,'Cordoba'),(657,'Santa Rosa de Calamuchita',6,'Cordoba'),(658,'Santa Rosa de Río Primero',6,'Cordoba'),(659,'Santiago Temple',6,'Cordoba'),(660,'Saturnino María Laspiur',6,'Cordoba'),(661,'Sebastián Elcano',6,'Cordoba'),(662,'Serrano',6,'Cordoba'),(663,'Serrezuela',6,'Cordoba'),(664,'Tala Huasi',6,'Cordoba'),(665,'Tancacha',6,'Cordoba'),(666,'Tanti',6,'Cordoba'),(667,'Tío Pujio',6,'Cordoba'),(668,'Toledo',6,'Cordoba'),(669,'Tránsito',6,'Cordoba'),(670,'Ucacha',6,'Cordoba'),(671,'Unquillo',6,'Cordoba'),(672,'Valle de Anisacate',6,'Cordoba'),(673,'Valle Hermoso',6,'Cordoba'),(674,'Vicuña Mackenna',6,'Cordoba'),(675,'Villa Allende',6,'Cordoba'),(676,'Villa Ascasubi',6,'Cordoba'),(677,'Villa Carlos Paz',6,'Cordoba'),(678,'Villa Cura Brochero',6,'Cordoba'),(679,'Villa de las Rosas',6,'Cordoba'),(680,'Villa de María',6,'Cordoba'),(681,'Villa de Soto',6,'Cordoba'),(682,'Villa del Dique',6,'Cordoba'),(683,'Villa del Rosario',6,'Cordoba'),(684,'Villa del Totoral',6,'Cordoba'),(685,'Villa Dolores',6,'Cordoba'),(686,'Villa General Belgrano',6,'Cordoba'),(687,'Villa Giardino',6,'Cordoba'),(688,'Villa Huidobro',6,'Cordoba'),(689,'Villa La Bolsa',6,'Cordoba'),(690,'Villa Los Aromos',6,'Cordoba'),(691,'Villa María',6,'Cordoba'),(692,'Villa Nueva',6,'Cordoba'),(693,'Villa Parque Síquiman',6,'Cordoba'),(694,'Villa Río Icho Cruz',6,'Cordoba'),(695,'Villa Rumipal',6,'Cordoba'),(696,'Villa Santa Cruz del Lago',6,'Cordoba'),(697,'Villa Sarmiento',6,'Cordoba'),(698,'Villa Valeria',6,'Cordoba'),(699,'Alvear',7,'Corrientes'),(700,'Barrio Esperanza',7,'Corrientes'),(701,'Bella Vista',7,'Corrientes'),(702,'Chavarría',7,'Corrientes'),(703,'Colonia Liebigs',7,'Corrientes'),(704,'Concepción',7,'Corrientes'),(705,'Corrientes',7,'Corrientes'),(706,'Curuzú Cuatiá',7,'Corrientes'),(707,'Empedrado',7,'Corrientes'),(708,'Esquina',7,'Corrientes'),(709,'Gobernador agr. Valentín Virasoro',7,'Corrientes'),(710,'Goya',7,'Corrientes'),(711,'Itá Ibaté',7,'Corrientes'),(712,'Itatí',7,'Corrientes'),(713,'Ituzaingó',7,'Corrientes'),(714,'La Cruz',7,'Corrientes'),(715,'Laguna Brava',7,'Corrientes'),(716,'Lavalle',7,'Corrientes'),(717,'Mburucuyá',7,'Corrientes'),(718,'Mercedes',7,'Corrientes'),(719,'Mocoretá',7,'Corrientes'),(720,'Monte Caseros',7,'Corrientes'),(721,'Nuestra Señora del Rosario de Caá Catí',7,'Corrientes'),(722,'Paso de la Patria',7,'Corrientes'),(723,'Paso de los Libres',7,'Corrientes'),(724,'Perugorría',7,'Corrientes'),(725,'Saladas',7,'Corrientes'),(726,'San Carlos',7,'Corrientes'),(727,'San Lorenzo',7,'Corrientes'),(728,'San Luis del Palmar',7,'Corrientes'),(729,'San Miguel',7,'Corrientes'),(730,'San Roque',7,'Corrientes'),(731,'Santa Lucía',7,'Corrientes'),(732,'Santa Rosa',7,'Corrientes'),(733,'Santo Tomé',7,'Corrientes'),(734,'Sauce',7,'Corrientes'),(735,'Alcaraz',8,'Entre Rios'),(736,'Basavilbaso',8,'Entre Rios'),(737,'Bovril',8,'Entre Rios'),(738,'Cerrito',8,'Entre Rios'),(739,'Chajarí',8,'Entre Rios'),(740,'Colón',8,'Entre Rios'),(741,'Colonia Avellaneda',8,'Entre Rios'),(742,'Concepción del Uruguay',8,'Entre Rios'),(743,'Concordia',8,'Entre Rios'),(744,'Crespo',8,'Entre Rios'),(745,'Diamante',8,'Entre Rios'),(746,'Federación',8,'Entre Rios'),(747,'Federal',8,'Entre Rios'),(748,'General Campos',8,'Entre Rios'),(749,'General Galarza',8,'Entre Rios'),(750,'General Ramírez',8,'Entre Rios'),(751,'Gualeguay',8,'Entre Rios'),(752,'Gualeguaychú',8,'Entre Rios'),(753,'Hasenkamp',8,'Entre Rios'),(754,'Hernandarias',8,'Entre Rios'),(755,'Ibicuy',8,'Entre Rios'),(756,'La Paz',8,'Entre Rios'),(757,'Larroque',8,'Entre Rios'),(758,'Los Charrúas',8,'Entre Rios'),(759,'Lucas González',8,'Entre Rios'),(760,'Macía',8,'Entre Rios'),(761,'María Grande',8,'Entre Rios'),(762,'Nogoyá',8,'Entre Rios'),(763,'Oro Verde',8,'Entre Rios'),(764,'Paraná',8,'Entre Rios'),(765,'Pueblo General Belgrano',8,'Entre Rios'),(766,'Rosario del Tala',8,'Entre Rios'),(767,'San Benito',8,'Entre Rios'),(768,'San Jaime de la Frontera',8,'Entre Rios'),(769,'San José',8,'Entre Rios'),(770,'San José Feliciano',8,'Entre Rios'),(771,'San Salvador',8,'Entre Rios'),(772,'Santa Elena',8,'Entre Rios'),(773,'Sauce de Luna',8,'Entre Rios'),(774,'Sauce Montrull',8,'Entre Rios'),(775,'Seguí',8,'Entre Rios'),(776,'Urdinarrain',8,'Entre Rios'),(777,'Viale',8,'Entre Rios'),(778,'Victoria',8,'Entre Rios'),(779,'Villa Clara',8,'Entre Rios'),(780,'Villa del Rosario',8,'Entre Rios'),(781,'Villa Elisa',8,'Entre Rios'),(782,'Villa Libertador San Martín',8,'Entre Rios'),(783,'Villaguay',8,'Entre Rios'),(784,'Clorinda',9,'Formosa'),(785,'Colonia Campo Villafañe',9,'Formosa'),(786,'Comandante Fontana',9,'Formosa'),(787,'El Colorado',9,'Formosa'),(788,'El Espinillo',9,'Formosa'),(789,'El Potrillo',9,'Formosa'),(790,'Estanislao del Campo',9,'Formosa'),(791,'Formosa',9,'Formosa'),(792,'General Lucio Victorio Mansilla',9,'Formosa'),(793,'Herradura',9,'Formosa'),(794,'Ibarreta',9,'Formosa'),(795,'Ingeniero Guillermo N. Juárez',9,'Formosa'),(796,'Laguna Blanca',9,'Formosa'),(797,'Laguna Naick-Neck',9,'Formosa'),(798,'Laguna Yema',9,'Formosa'),(799,'Las Lomitas',9,'Formosa'),(800,'Palo Santo',9,'Formosa'),(801,'Pirané',9,'Formosa'),(802,'Pozo del Tigre',9,'Formosa'),(803,'Riacho He-He',9,'Formosa'),(804,'San Francisco de Laishi',9,'Formosa'),(805,'San Martín ii',9,'Formosa'),(806,'Villa del Carmen',9,'Formosa'),(807,'Villa General G',9,'Formosa'),(808,'Villa General Manuel Belgrano',9,'Formosa'),(809,'Villa Kilómetro 213',9,'Formosa'),(810,'Abra Pampa',10,'Jujuy'),(811,'Caimancito',10,'Jujuy'),(812,'Calilegua',10,'Jujuy'),(813,'El Aguilar',10,'Jujuy'),(814,'El Carmen',10,'Jujuy'),(815,'El Piquete',10,'Jujuy'),(816,'El Talar',10,'Jujuy'),(817,'Fraile Pintado',10,'Jujuy'),(818,'Humahuaca',10,'Jujuy'),(819,'La Esperanza',10,'Jujuy'),(820,'La Mendieta',10,'Jujuy'),(821,'La Quiaca',10,'Jujuy'),(822,'Libertador Gral. San Martín',10,'Jujuy'),(823,'Maimará',10,'Jujuy'),(824,'Monterrico',10,'Jujuy'),(825,'Palma Sola',10,'Jujuy'),(826,'Palpalá',10,'Jujuy'),(827,'Pampa Blanca',10,'Jujuy'),(828,'Perico',10,'Jujuy'),(829,'San Pedro',10,'Jujuy'),(830,'San Salvador de Jujuy',10,'Jujuy'),(831,'Santa Clara',10,'Jujuy'),(832,'Tilcara',10,'Jujuy'),(833,'Yala',10,'Jujuy'),(834,'Yuto',10,'Jujuy'),(835,'25 de mayo',11,'La Pampa'),(836,'Caleufú',11,'La Pampa'),(837,'Catriló',11,'La Pampa'),(838,'Colonia Barón',11,'La Pampa'),(839,'Eduardo Castex',11,'La Pampa'),(840,'General Acha',11,'La Pampa'),(841,'General Pico',11,'La Pampa'),(842,'General San Martín',11,'La Pampa'),(843,'Guatraché',11,'La Pampa'),(844,'Ingeniero Luiggi',11,'La Pampa'),(845,'Intendente Alvear',11,'La Pampa'),(846,'Jacinto Aráuz',11,'La Pampa'),(847,'Macachín',11,'La Pampa'),(848,'Miguel Riglos',11,'La Pampa'),(849,'Parera',11,'La Pampa'),(850,'Quemú Quemú',11,'La Pampa'),(851,'Rancul',11,'La Pampa'),(852,'Realicó',11,'La Pampa'),(853,'Santa Rosa',11,'La Pampa'),(854,'Toay',11,'La Pampa'),(855,'Trenel',11,'La Pampa'),(856,'Victorica',11,'La Pampa'),(857,'Winifreda',11,'La Pampa'),(858,'Aimogasta',12,'La Rioja'),(859,'Chamical',12,'La Rioja'),(860,'Chepes',12,'La Rioja'),(861,'Chilecito',12,'La Rioja'),(862,'Famatina',12,'La Rioja'),(863,'Guandacol',12,'La Rioja'),(864,'La Rioja',12,'La Rioja'),(865,'Milagro',12,'La Rioja'),(866,'Nonogasta',12,'La Rioja'),(867,'Olta',12,'La Rioja'),(868,'San Blas',12,'La Rioja'),(869,'Ulapes',12,'La Rioja'),(870,'Vichigasta',12,'La Rioja'),(871,'Villa San José de Vinchina',12,'La Rioja'),(872,'Villa Sanagasta',12,'La Rioja'),(873,'Villa Unión',12,'La Rioja'),(874,'Bowen',13,'Mendoza'),(875,'Colonia Segovia',13,'Mendoza'),(876,'Costa de Araujo',13,'Mendoza'),(877,'Eugenio Bustos',13,'Mendoza'),(878,'Fray Luis Beltrán',13,'Mendoza'),(879,'General Alvear',13,'Mendoza'),(880,'Godoy Cruz',13,'Mendoza'),(881,'Guaymallén',13,'Mendoza'),(882,'Junín',13,'Mendoza'),(883,'La Colonia',13,'Mendoza'),(884,'La Consulta',13,'Mendoza'),(885,'La Dormida',13,'Mendoza'),(886,'La Paz',13,'Mendoza'),(887,'Las Catitas',13,'Mendoza'),(888,'Las Heras',13,'Mendoza'),(889,'Los Barriales',13,'Mendoza'),(890,'Luján de Cuyo',13,'Mendoza'),(891,'Maipú',13,'Mendoza'),(892,'Malarg',13,'Mendoza'),(893,'Medrano',13,'Mendoza'),(894,'Mendoza',13,'Mendoza'),(895,'Monte Comán',13,'Mendoza'),(896,'Perdriel',13,'Mendoza'),(897,'Puente de Hierro',13,'Mendoza'),(898,'Real del Padre',13,'Mendoza'),(899,'Rivadavia',13,'Mendoza'),(900,'Rodeo del Medio',13,'Mendoza'),(901,'San Carlos',13,'Mendoza'),(902,'San Martín',13,'Mendoza'),(903,'San Rafael',13,'Mendoza'),(904,'San Roque',13,'Mendoza'),(905,'Tres Porteñas',13,'Mendoza'),(906,'Tunuyán',13,'Mendoza'),(907,'Tupungato',13,'Mendoza'),(908,'Ugarteche',13,'Mendoza'),(909,'Uspallata',13,'Mendoza'),(910,'Villa Atuel',13,'Mendoza'),(911,'Villa Tulumaya',13,'Mendoza'),(912,'Vista Flores',13,'Mendoza'),(913,'25 de mayo',14,'Misiones'),(914,'Almirante Brown',14,'Misiones'),(915,'Apóstoles',14,'Misiones'),(916,'Aristóbulo del Valle',14,'Misiones'),(917,'Azara',14,'Misiones'),(918,'Bernardo de Irigoyen',14,'Misiones'),(919,'Campo Grande',14,'Misiones'),(920,'Campo Viera',14,'Misiones'),(921,'Candelaria',14,'Misiones'),(922,'Capioví',14,'Misiones'),(923,'Cerro Azul',14,'Misiones'),(924,'Concepción de la Sierra',14,'Misiones'),(925,'Corpus',14,'Misiones'),(926,'Dos de Mayo Núcleo i',14,'Misiones'),(927,'El Alcázar',14,'Misiones'),(928,'El Soberbio',14,'Misiones'),(929,'El Dorado',14,'Misiones'),(930,'Esperanza',14,'Misiones'),(931,'Estación Apóstoles',14,'Misiones'),(932,'Garuhapé',14,'Misiones'),(933,'Garupá',14,'Misiones'),(934,'Gobernador Roca',14,'Misiones'),(935,'Guaraní',14,'Misiones'),(936,'Jardín América',14,'Misiones'),(937,'Leandro N. Alem',14,'Misiones'),(938,'Libertad',14,'Misiones'),(939,'Montecarlo',14,'Misiones'),(940,'Oberá',14,'Misiones'),(941,'Posadas',14,'Misiones'),(942,'Puerto Iguazú',14,'Misiones'),(943,'Puerto Piray',14,'Misiones'),(944,'Puerto Rico',14,'Misiones'),(945,'Salto Encantado',14,'Misiones'),(946,'San Antonio',14,'Misiones'),(947,'San Ignacio',14,'Misiones'),(948,'San Javier',14,'Misiones'),(949,'San José',14,'Misiones'),(950,'San Pedro',14,'Misiones'),(951,'San Vicente',14,'Misiones'),(952,'Santa Ana',14,'Misiones'),(953,'Santo Pipó',14,'Misiones'),(954,'Wanda',14,'Misiones'),(955,'Aluminé',15,'Neuquen'),(956,'Andacollo',15,'Neuquen'),(957,'Centenario',15,'Neuquen'),(958,'Chos Malal',15,'Neuquen'),(959,'Cutral Có',15,'Neuquen'),(960,'Junín de los Andes',15,'Neuquen'),(961,'Las Lajas',15,'Neuquen'),(962,'Loncopué',15,'Neuquen'),(963,'Neuquén',15,'Neuquen'),(964,'Picún Leufú',15,'Neuquen'),(965,'Piedra del Aguila',15,'Neuquen'),(966,'Plaza Huincul',15,'Neuquen'),(967,'Plottier',15,'Neuquen'),(968,'Rincón de los Sauces',15,'Neuquen'),(969,'San Martín de los Andes',15,'Neuquen'),(970,'San Patricio del Chañar',15,'Neuquen'),(971,'Venillosa',15,'Neuquen'),(972,'Villa la Angostura',15,'Neuquen'),(973,'Zapala',15,'Neuquen'),(974,'Allen',16,'Rio Negro'),(975,'Barrio Puente 83',16,'Rio Negro'),(976,'Catriel',16,'Rio Negro'),(977,'Cervantes',16,'Rio Negro'),(978,'Chichinales',16,'Rio Negro'),(979,'Chimpay',16,'Rio Negro'),(980,'Choele Choel',16,'Rio Negro'),(981,'Cinco Saltos',16,'Rio Negro'),(982,'Cipolletti',16,'Rio Negro'),(983,'Dina Huapi',16,'Rio Negro'),(984,'El Bolsón',16,'Rio Negro'),(985,'General Conesa',16,'Rio Negro'),(986,'General Enrique Godoy',16,'Rio Negro'),(987,'General Fernández Oro',16,'Rio Negro'),(988,'General Roca',16,'Rio Negro'),(989,'Ingeniero Jacobacci',16,'Rio Negro'),(990,'Ingeniero Luis A. Huergo',16,'Rio Negro'),(991,'Lamarque',16,'Rio Negro'),(992,'Las Grutas',16,'Rio Negro'),(993,'Los Menucos',16,'Rio Negro'),(994,'Luis Beltrán',16,'Rio Negro'),(995,'Maquinchao',16,'Rio Negro'),(996,'Río Colorado',16,'Rio Negro'),(997,'San Antonio Oeste',16,'Rio Negro'),(998,'San Carlos de Bariloche',16,'Rio Negro'),(999,'Sierra Grande',16,'Rio Negro'),(1000,'Valcheta',16,'Rio Negro'),(1001,'Viedma',16,'Rio Negro'),(1002,'Villa Regina',16,'Rio Negro'),(1003,'Aguaray',17,'Salta'),(1004,'Apolinario Saravia',17,'Salta'),(1005,'Cachi',17,'Salta'),(1006,'Cafayate',17,'Salta'),(1007,'Campo Quijano',17,'Salta'),(1008,'Campo Santo',17,'Salta'),(1009,'Cerrillos',17,'Salta'),(1010,'Chicoana',17,'Salta'),(1011,'Colonia Santa Rosa',17,'Salta'),(1012,'Coronel Cornejo',17,'Salta'),(1013,'Coronel Juan Solá',17,'Salta'),(1014,'Coronel Moldes',17,'Salta'),(1015,'El Bordo',17,'Salta'),(1016,'El Carril',17,'Salta'),(1017,'El Galpón',17,'Salta'),(1018,'El Quebrachal',17,'Salta'),(1019,'El Tala',17,'Salta'),(1020,'Embarcación',17,'Salta'),(1021,'General G',17,'Salta'),(1022,'General Mosconi',17,'Salta'),(1023,'Hipólito Yrigoyen',17,'Salta'),(1024,'Joaquín V. González',17,'Salta'),(1025,'La Ciénaga',17,'Salta'),(1026,'La Merced',17,'Salta'),(1027,'Las Lajitas',17,'Salta'),(1028,'Metán',17,'Salta'),(1029,'Pichanal',17,'Salta'),(1030,'Profesor Salvador Mazza',17,'Salta'),(1031,'Rosario de la Frontera',17,'Salta'),(1032,'Rosario de Lerma',17,'Salta'),(1033,'Salta',17,'Salta'),(1034,'San Antonio de los Cobres',17,'Salta'),(1035,'San Ramón de la Nueva Orán',17,'Salta'),(1036,'Tartagal',17,'Salta'),(1037,'Urundel',17,'Salta'),(1038,'Vaqueros',17,'Salta'),(1039,'Villa los Alamos',17,'Salta'),(1040,'Villa San Lorenzo',17,'Salta'),(1041,'9 de julio',18,'San Juan'),(1042,'Alto de Sierra',18,'San Juan'),(1043,'Barreal',18,'San Juan'),(1044,'Calingasta',18,'San Juan'),(1045,'Caucete',18,'San Juan'),(1046,'Chimbas',18,'San Juan'),(1047,'Los Berros',18,'San Juan'),(1048,'Rawson',18,'San Juan'),(1049,'Rivadavia',18,'San Juan'),(1050,'Rodeo',18,'San Juan'),(1051,'San José de Jáchal',18,'San Juan'),(1052,'San Juan',18,'San Juan'),(1053,'Santa Lucía',18,'San Juan'),(1054,'Villa Aberastain',18,'San Juan'),(1055,'Villa Basilio Nievas',18,'San Juan'),(1056,'Villa Borjas',18,'San Juan'),(1057,'Villa del Salvador',18,'San Juan'),(1058,'Villa Don Bosco',18,'San Juan'),(1059,'Villa General San Martín',18,'San Juan'),(1060,'Villa Ibáñez',18,'San Juan'),(1061,'Villa Media Agua',18,'San Juan'),(1062,'Villa San Agustín',18,'San Juan'),(1063,'Villa Santa Rosa',18,'San Juan'),(1064,'Buena Esperanza',19,'San Luis'),(1065,'Candelaria',19,'San Luis'),(1066,'Concarán',19,'San Luis'),(1067,'Juana Koslay',19,'San Luis'),(1068,'Justo Daract',19,'San Luis'),(1069,'La Toma',19,'San Luis'),(1070,'Merlo',19,'San Luis'),(1071,'Naschel',19,'San Luis'),(1072,'Quines',19,'San Luis'),(1073,'San Francisco del Monte de Oro',19,'San Luis'),(1074,'San Luis',19,'San Luis'),(1075,'Santa Rosa del Conlara',19,'San Luis'),(1076,'Tilisarao',19,'San Luis'),(1077,'Unión',19,'San Luis'),(1078,'Villa Mercedes',19,'San Luis'),(1079,'28 de Noviembre',20,'Santa Cruz'),(1080,'Caleta Olivia',20,'Santa Cruz'),(1081,'Comandante Luis Piedrabuena',20,'Santa Cruz'),(1082,'El Calafate',20,'Santa Cruz'),(1083,'Gobernador Gregores',20,'Santa Cruz'),(1084,'Las Heras',20,'Santa Cruz'),(1085,'Los Antiguos',20,'Santa Cruz'),(1086,'Perito Moreno',20,'Santa Cruz'),(1087,'Pico Truncado',20,'Santa Cruz'),(1088,'Puerto Deseado',20,'Santa Cruz'),(1089,'Puerto San Julián',20,'Santa Cruz'),(1090,'Puerto Santa Cruz',20,'Santa Cruz'),(1091,'Río Gallegos',20,'Santa Cruz'),(1092,'Yacimientos Río Turbio',20,'Santa Cruz'),(1093,'Acebal',21,'Santa Fe'),(1094,'Alcorta',21,'Santa Fe'),(1095,'Alejandra',21,'Santa Fe'),(1096,'Alvarez',21,'Santa Fe'),(1097,'Arequito',21,'Santa Fe'),(1098,'Armstrong',21,'Santa Fe'),(1099,'Arroyo Seco',21,'Santa Fe'),(1100,'Arteaga',21,'Santa Fe'),(1101,'Avellaneda',21,'Santa Fe'),(1102,'Barrancas',21,'Santa Fe'),(1103,'Barrio Mitre',21,'Santa Fe'),(1104,'Barrios Acapulco y Veracruz',21,'Santa Fe'),(1105,'Beravebú',21,'Santa Fe'),(1106,'Bigand',21,'Santa Fe'),(1107,'Bombal',21,'Santa Fe'),(1108,'Calchaquí',21,'Santa Fe'),(1109,'Cañada de Gómez',21,'Santa Fe'),(1110,'Cañada Rosquín',21,'Santa Fe'),(1111,'Capitán Bermúdez',21,'Santa Fe'),(1112,'Carcarañá',21,'Santa Fe'),(1113,'Carlos Pellegrini',21,'Santa Fe'),(1114,'Carreras',21,'Santa Fe'),(1115,'Casilda',21,'Santa Fe'),(1116,'Cayastá',21,'Santa Fe'),(1117,'Centeno',21,'Santa Fe'),(1118,'Ceres',21,'Santa Fe'),(1119,'Chabás',21,'Santa Fe'),(1120,'Chañar Ladeado',21,'Santa Fe'),(1121,'Coronda',21,'Santa Fe'),(1122,'Coronel Bogado',21,'Santa Fe'),(1123,'Correa',21,'Santa Fe'),(1124,'Desvío Arijón',21,'Santa Fe'),(1125,'El Trébol',21,'Santa Fe'),(1126,'Elortondo',21,'Santa Fe'),(1127,'Empalme Villa Constitución',21,'Santa Fe'),(1128,'Esperanza',21,'Santa Fe'),(1129,'Fighiera',21,'Santa Fe'),(1130,'Firmat',21,'Santa Fe'),(1131,'Florencia',21,'Santa Fe'),(1132,'Franck',21,'Santa Fe'),(1133,'Fray Luis Beltrán',21,'Santa Fe'),(1134,'Frontera',21,'Santa Fe'),(1135,'Fuentes',21,'Santa Fe'),(1136,'Funes',21,'Santa Fe'),(1137,'Gaboto',21,'Santa Fe'),(1138,'Gálvez',21,'Santa Fe'),(1139,'General Lagos',21,'Santa Fe'),(1140,'Gobernador Crespo',21,'Santa Fe'),(1141,'Granadero Baigorria',21,'Santa Fe'),(1142,'Helvecia',21,'Santa Fe'),(1143,'Hersilia',21,'Santa Fe'),(1144,'Hughes',21,'Santa Fe'),(1145,'Humberto Primo',21,'Santa Fe'),(1146,'Humboldt',21,'Santa Fe'),(1147,'La Gallareta',21,'Santa Fe'),(1148,'Laguna Paiva',21,'Santa Fe'),(1149,'Las Parejas',21,'Santa Fe'),(1150,'Las Rosas',21,'Santa Fe'),(1151,'Las Toscas',21,'Santa Fe'),(1152,'Llambi Campbell',21,'Santa Fe'),(1153,'Los Quirquinchos',21,'Santa Fe'),(1154,'Maciel',21,'Santa Fe'),(1155,'Malabrigo',21,'Santa Fe'),(1156,'Margarita',21,'Santa Fe'),(1157,'María Juana',21,'Santa Fe'),(1158,'María Susana',21,'Santa Fe'),(1159,'María Teresa',21,'Santa Fe'),(1160,'Máximo Paz',21,'Santa Fe'),(1161,'Melincué',21,'Santa Fe'),(1162,'Moisés Ville',21,'Santa Fe'),(1163,'Monte Vera',21,'Santa Fe'),(1164,'Montes de Oca',21,'Santa Fe'),(1165,'Murphy',21,'Santa Fe'),(1166,'Nelson',21,'Santa Fe'),(1167,'Oliveros',21,'Santa Fe'),(1168,'Pérez',21,'Santa Fe'),(1169,'Peyrano',21,'Santa Fe'),(1170,'Piamonte',21,'Santa Fe'),(1171,'Pilar',21,'Santa Fe'),(1172,'Pueblo Esther',21,'Santa Fe'),(1173,'Puerto General San Martín',21,'Santa Fe'),(1174,'Pujato',21,'Santa Fe'),(1175,'Rafaela',21,'Santa Fe'),(1176,'Reconquista',21,'Santa Fe'),(1177,'Recreo',21,'Santa Fe'),(1178,'Roldán',21,'Santa Fe'),(1179,'Romang',21,'Santa Fe'),(1180,'Rosario',21,'Santa Fe'),(1181,'San Carlos Centro',21,'Santa Fe'),(1182,'San Carlos Sud',21,'Santa Fe'),(1183,'San Cristóbal',21,'Santa Fe'),(1184,'San Gregorio',21,'Santa Fe'),(1185,'San Guillermo',21,'Santa Fe'),(1186,'San Javier',21,'Santa Fe'),(1187,'San Jerónimo Norte',21,'Santa Fe'),(1188,'San Jerónimo Sud',21,'Santa Fe'),(1189,'San Jorge',21,'Santa Fe'),(1190,'San José de la Esquina',21,'Santa Fe'),(1191,'San José del Rincón',21,'Santa Fe'),(1192,'San Justo',21,'Santa Fe'),(1193,'San Lorenzo',21,'Santa Fe'),(1194,'San Martín de las Escobas',21,'Santa Fe'),(1195,'San Vicente',21,'Santa Fe'),(1196,'Sancti Spiritu',21,'Santa Fe'),(1197,'Santa Fe',21,'Santa Fe'),(1198,'Santa Isabel',21,'Santa Fe'),(1199,'Santa Rosa de Calchines',21,'Santa Fe'),(1200,'Santa Teresa',21,'Santa Fe'),(1201,'Santo Tomé',21,'Santa Fe'),(1202,'Sastre',21,'Santa Fe'),(1203,'Sauce Viejo',21,'Santa Fe'),(1204,'Serodino',21,'Santa Fe'),(1205,'Soldini',21,'Santa Fe'),(1206,'Suardi',21,'Santa Fe'),(1207,'Sunchales',21,'Santa Fe'),(1208,'Tacuarendí',21,'Santa Fe'),(1209,'Teodelina',21,'Santa Fe'),(1210,'Timbúes',21,'Santa Fe'),(1211,'Tortugas',21,'Santa Fe'),(1212,'Tostado',21,'Santa Fe'),(1213,'Totoras',21,'Santa Fe'),(1214,'Venado Tuerto',21,'Santa Fe'),(1215,'Vera',21,'Santa Fe'),(1216,'Villa Ana',21,'Santa Fe'),(1217,'Villa Cañás',21,'Santa Fe'),(1218,'Villa Constitución',21,'Santa Fe'),(1219,'Villa Eloísa',21,'Santa Fe'),(1220,'Villa Gobernador Gálvez',21,'Santa Fe'),(1221,'Villa Guillermina',21,'Santa Fe'),(1222,'Villa Minetti',21,'Santa Fe'),(1223,'Villa Mugueta',21,'Santa Fe'),(1224,'Villa Ocampo',21,'Santa Fe'),(1225,'Villa Trinidad',21,'Santa Fe'),(1226,'Wheelwright',21,'Santa Fe'),(1227,'Zavalla',21,'Santa Fe'),(1228,'Añatuya',22,'Santiago del Estero'),(1229,'Bandera',22,'Santiago del Estero'),(1230,'Beltrán',22,'Santiago del Estero'),(1231,'Campo Gallo',22,'Santiago del Estero'),(1232,'Clodomira',22,'Santiago del Estero'),(1233,'Colonia Dora',22,'Santiago del Estero'),(1234,'Colonia el Simbolar',22,'Santiago del Estero'),(1235,'El Zanjón',22,'Santiago del Estero'),(1236,'Fernández',22,'Santiago del Estero'),(1237,'Frías',22,'Santiago del Estero'),(1238,'Garza',22,'Santiago del Estero'),(1239,'Ingeniero Forres',22,'Santiago del Estero'),(1240,'La Banda',22,'Santiago del Estero'),(1241,'Los Juríes',22,'Santiago del Estero'),(1242,'Los Telares',22,'Santiago del Estero'),(1243,'Monte Quemado',22,'Santiago del Estero'),(1244,'Nueva Esperanza',22,'Santiago del Estero'),(1245,'Pampa de los Guanacos',22,'Santiago del Estero'),(1246,'Pozo Hondo',22,'Santiago del Estero'),(1247,'Quimilí',22,'Santiago del Estero'),(1248,'Sachayoj',22,'Santiago del Estero'),(1249,'Santiago del Estero',22,'Santiago del Estero'),(1250,'Selva',22,'Santiago del Estero'),(1251,'Sumampa',22,'Santiago del Estero'),(1252,'Suncho Corral',22,'Santiago del Estero'),(1253,'Termas de Río Hondo',22,'Santiago del Estero'),(1254,'Tintina',22,'Santiago del Estero'),(1255,'Villa Atamisqui',22,'Santiago del Estero'),(1256,'Villa General Mitre',22,'Santiago del Estero'),(1257,'Villa Ojo de Agua',22,'Santiago del Estero'),(1258,'Villa San Martín',22,'Santiago del Estero'),(1259,'Río Grande',23,'Tierra del Fuego'),(1260,'Ushuaia',23,'Tierra del Fuego'),(1261,'Acheral',24,'Tucuman'),(1262,'Aguilares',24,'Tucuman'),(1263,'Alderetes',24,'Tucuman'),(1264,'Alto Verde',24,'Tucuman'),(1265,'Banda del Río Salí',24,'Tucuman'),(1266,'Barrio Aeropuerto',24,'Tucuman'),(1267,'Barrio San Felipe',24,'Tucuman'),(1268,'Bella Vista',24,'Tucuman'),(1269,'Colombres',24,'Tucuman'),(1270,'Concepción',24,'Tucuman'),(1271,'Delfín Gallo',24,'Tucuman'),(1272,'El Manantial',24,'Tucuman'),(1273,'Famaillá',24,'Tucuman'),(1274,'Garmendia',24,'Tucuman'),(1275,'Ingenio San Pablo',24,'Tucuman'),(1276,'Juan Bautista Alberdi',24,'Tucuman'),(1277,'La Cocha',24,'Tucuman'),(1278,'La Florida',24,'Tucuman'),(1279,'La Reducción',24,'Tucuman'),(1280,'La Trinidad',24,'Tucuman'),(1281,'Lamadrid',24,'Tucuman'),(1282,'Los Ralos',24,'Tucuman'),(1283,'Los Sarmientos',24,'Tucuman'),(1284,'Lules',24,'Tucuman'),(1285,'Medina',24,'Tucuman'),(1286,'Monteros',24,'Tucuman'),(1287,'Pueblo Independencia',24,'Tucuman'),(1288,'Ranchillos',24,'Tucuman'),(1289,'Río Seco',24,'Tucuman'),(1290,'San Miguel de Tucumán',24,'Tucuman'),(1291,'San Pedro de Colalao',24,'Tucuman'),(1292,'San Roque',24,'Tucuman'),(1293,'Santa Ana',24,'Tucuman'),(1294,'Santa Lucía',24,'Tucuman'),(1295,'Simoca',24,'Tucuman'),(1296,'Tafí del Valle',24,'Tucuman'),(1297,'Tafí Viejo',24,'Tucuman'),(1298,'Villa Carmela',24,'Tucuman'),(1299,'Villa de Trancas',24,'Tucuman'),(1300,'Villa Fiad - Ingenio Leales',24,'Tucuman'),(1301,'Villa Nueva Italia',24,'Tucuman'),(1302,'Villa Quinteros',24,'Tucuman'),(1303,'Yerba Buena - Marcos Paz',24,'Tucuman'),(1304,'Lobería',1,'Buenos Aires'),(1305,'Necochea',1,'Buenos Aires'),(1306,'Gonzalez Chavez',1,'Buenos Aires'),(1307,'Carlos Casares',1,'Buenos Aires'),(1309,'Pehuajo',1,'Buenos Aires'),(1310,'Bolivar',1,'Buenos Aires'),(1312,'Lincoln',1,'Buenos Aires'),(1313,'Carlos Tejedor',1,'Buenos Aires'),(1314,'Gral. Villegas',1,'Buenos Aires'),(1315,'Acassuso',25,'Gran Buenos Aires'),(1316,'Adrogue',25,'Gran Buenos Aires'),(1317,'Avellaneda',25,'Gran Buenos Aires'),(1318,'Banfield',25,'Gran Buenos Aires'),(1319,'Beccar',25,'Gran Buenos Aires'),(1320,'BellaVista',25,'Gran Buenos Aires'),(1321,'Benav',25,'Gran Buenos Aires'),(1322,'Berazategui',25,'Gran Buenos Aires'),(1323,'Bernal',25,'Gran Buenos Aires'),(1324,'Boulogne',25,'Gran Buenos Aires'),(1325,'Caballito',25,'Gran Buenos Aires'),(1326,'Campana',25,'Gran Buenos Aires'),(1327,'Caseros',25,'Gran Buenos Aires'),(1328,'Castelar',25,'Gran Buenos Aires'),(1329,'CityBell',25,'Gran Buenos Aires'),(1330,'CiudadJard',25,'Gran Buenos Aires'),(1331,'DelViso',25,'Gran Buenos Aires'),(1332,'DonTorcuato',25,'Gran Buenos Aires'),(1333,'Escobar',25,'Gran Buenos Aires'),(1334,'EstebanEcheverr',25,'Gran Buenos Aires'),(1335,'Ezeiza',25,'Gran Buenos Aires'),(1336,'Florida',25,'Gran Buenos Aires'),(1337,'Gonnet',25,'Gran Buenos Aires'),(1338,'GonzalezCat',25,'Gran Buenos Aires'),(1339,'Haedo',25,'Gran Buenos Aires'),(1340,'Hurlingham',25,'Gran Buenos Aires'),(1341,'Ituzaingo',25,'Gran Buenos Aires'),(1342,'LaLucila',25,'Gran Buenos Aires'),(1343,'LaMatanza',25,'Gran Buenos Aires'),(1344,'LaPlata',25,'Gran Buenos Aires'),(1345,'Laferrere',25,'Gran Buenos Aires'),(1346,'Lan',25,'Gran Buenos Aires'),(1347,'Llavallol',25,'Gran Buenos Aires'),(1348,'LomasdeZamora',25,'Gran Buenos Aires'),(1349,'LuisGuill',25,'Gran Buenos Aires'),(1350,'Luj',25,'Gran Buenos Aires'),(1351,'MalvinasArgentinas',25,'Gran Buenos Aires'),(1352,'Mart',25,'Gran Buenos Aires'),(1353,'Maschwitz',25,'Gran Buenos Aires'),(1354,'Merlo',25,'Gran Buenos Aires'),(1355,'MonteGrande',25,'Gran Buenos Aires'),(1356,'Moreno',25,'Gran Buenos Aires'),(1357,'Mor',25,'Gran Buenos Aires'),(1358,'Mu',25,'Gran Buenos Aires'),(1359,'Olivos',25,'Gran Buenos Aires'),(1360,'Palomar',25,'Gran Buenos Aires'),(1361,'ParqueLeloir',25,'Gran Buenos Aires'),(1362,'Pilar',25,'Gran Buenos Aires'),(1363,'Quilmes',25,'Gran Buenos Aires'),(1364,'RamosMej',25,'Gran Buenos Aires'),(1365,'Ranelagh',25,'Gran Buenos Aires'),(1366,'SanFernando',25,'Gran Buenos Aires'),(1367,'SanIsidro',25,'Gran Buenos Aires'),(1368,'SanJusto',25,'Gran Buenos Aires'),(1369,'SanMart',25,'Gran Buenos Aires'),(1370,'SanMiguel',25,'Gran Buenos Aires'),(1371,'Temperley',25,'Gran Buenos Aires'),(1372,'Tigre',25,'Gran Buenos Aires'),(1373,'Tortuguitas',25,'Gran Buenos Aires'),(1374,'TresdeFebrero',25,'Gran Buenos Aires'),(1375,'Turdera',25,'Gran Buenos Aires'),(1376,'VicenteL',25,'Gran Buenos Aires'),(1377,'VillaBallester',25,'Gran Buenos Aires'),(1378,'VillaUrquiza',25,'Gran Buenos Aires');

#
# Structure for table "log_canjes"
#

DROP TABLE IF EXISTS `log_canjes`;
CREATE TABLE `log_canjes` (
  `idlog` bigint(20) NOT NULL AUTO_INCREMENT,
  `idcanje` bigint(20) NOT NULL,
  `idusuario` bigint(20) NOT NULL,
  `estado` varchar(20) NOT NULL,
  `fecha` datetime NOT NULL,
  PRIMARY KEY (`idlog`)
) ENGINE=InnoDB DEFAULT CHARSET=utf8;

#
# Data for table "log_canjes"
#


#
# Structure for table "mensajes"
#

DROP TABLE IF EXISTS `mensajes`;
CREATE TABLE `mensajes` (
  `idmensaje` bigint(20) NOT NULL AUTO_INCREMENT,
  `mensaje` text DEFAULT NULL,
  `fecha` datetime DEFAULT NULL,
  `estado` varchar(20) DEFAULT NULL,
  `idcliente` bigint(20) DEFAULT NULL,
  PRIMARY KEY (`idmensaje`)
) ENGINE=InnoDB DEFAULT CHARSET=utf8;

#
# Data for table "mensajes"
#


#
# Structure for table "noticias"
#

DROP TABLE IF EXISTS `noticias`;
CREATE TABLE `noticias` (
  `idnoticia` bigint(20) NOT NULL AUTO_INCREMENT,
  `titulo` varchar(100) DEFAULT NULL,
  `cuerpo` text DEFAULT NULL,
  `fecha_alta` date DEFAULT NULL,
  `imagen1` varchar(250) DEFAULT NULL,
  `imagen2` varchar(250) DEFAULT NULL,
  `imagen3` varchar(250) DEFAULT NULL,
  `imagen4` varchar(250) DEFAULT NULL,
  `imagen5` varchar(250) DEFAULT NULL,
  `video` varchar(2500) DEFAULT NULL,
  `adjunto` varchar(250) DEFAULT NULL,
  `tipo` char(1) DEFAULT NULL,
  `estado` char(1) DEFAULT NULL,
  PRIMARY KEY (`idnoticia`)
) ENGINE=InnoDB AUTO_INCREMENT=6 DEFAULT CHARSET=utf8;

#
# Data for table "noticias"
#

INSERT INTO `noticias` VALUES (1,'Novedad 2','What is Lorem Ipsum?\r\nLorem Ipsum is simply dummy text of the printing and typesetting industry. Lorem Ipsum has been the industry\'s standard dummy text ever since the 1500s, when an unknown printer took a galley of type and scrambled it to make a type specimen book. It has survived not only five centuries, but also the leap into electronic typesetting, remaining essentially unchanged. It was popularised in the 1960s with the release of Letraset sheets containing Lorem Ipsum passages, and more recently with desktop publishing software like Aldus PageMaker including versions of Lorem Ipsum.\r\n\r\nWhy do we use it?\r\nIt is a long established fact that a reader will be distracted by the readable content of a page when looking at its layout. The point of using Lorem Ipsum is that it has a more-or-less normal distribution of letters, as opposed to using \'Content here, content here\', making it look like readable English. Many desktop publishing packages and web page editors now use Lorem Ipsum as their default model text, and a search for \'lorem ipsum\' will uncover many web sites still in their infancy. Various versions have evolved over the years, sometimes by accident, sometimes on purpose (injected humour and the like).','2021-07-12',NULL,NULL,NULL,NULL,NULL,NULL,'12072021181803_Botones Referentes.zip','',NULL),(2,'Novedad 1','Es un hecho establecido hace demasiado tiempo que un lector se distraerá con el contenido del texto de un sitio mientras que mira su diseño. El punto de usar Lorem Ipsum es que tiene una distribución más o menos normal de las letras, al contrario de usar textos como por ejemplo \"Contenido aquí, contenido aquí\". Estos textos hacen parecerlo un español que se puede leer. Muchos paquetes de autoedición y editores de páginas web usan el Lorem Ipsum como su texto por defecto, y al hacer una búsqueda de \"Lorem Ipsum\" va a dar por resultado muchos sitios web que usan este texto si se encuentran en estado de desarrollo. Muchas versiones han evolucionado a través de los años, algunas veces por accidente, otras veces a propósito (por ejemplo insertándole humor y cosas por el estilo).\r\n\r\n','2021-07-12',NULL,NULL,NULL,NULL,NULL,NULL,NULL,'',NULL),(3,'Nvedad 4','What is Lorem Ipsum?\r\nLorem Ipsum is simply dummy text of the printing and typesetting industry. Lorem Ipsum has been the industry\'s standard dummy text ever since the 1500s, when an unknown printer took a galley of type and scrambled it to make a type specimen book. It has survived not only five centuries, but also the leap into electronic typesetting, remaining essentially unchanged. It was popularised in the 1960s with the release of Letraset sheets containing Lorem Ipsum passages, and more recently with desktop publishing software like Aldus PageMaker including versions of Lorem Ipsum.\r\n\r\nWhy do we use it?\r\nIt is a long established fact that a reader will be distracted by the readable content of a page when looking at its layout. The point of using Lorem Ipsum is that it has a more-or-less normal distribution of letters, as opposed to using \'Content here, content here\', making it look like readable English. Many desktop publishing packages and web page editors now use Lorem Ipsum as their default model text, and a search for \'lorem ipsum\' will uncover many web sites still in their infancy. Various versions have evolved over the years, sometimes by accident, sometimes on purpose (injected humour and the like).','2021-07-12','12072021181841_BANNERS web-2.png',NULL,NULL,NULL,NULL,NULL,NULL,'',NULL),(4,'Novedad 5','There are many variations of passages of Lorem Ipsum available, but the majority have suffered alteration in some form, by injected humour, or randomised words which don\'t look even slightly believable. If you are going to use a passage of Lorem Ipsum, you need to be sure there isn\'t anything embarrassing hidden in the middle of text. All the Lorem Ipsum generators on the Internet tend to repeat predefined chunks as necessary, making this the first true generator on the Internet. It uses a dictionary of over 200 Latin words, combined with a handful of model sentence structures, to generate Lorem Ipsum which looks reasonable. The generated Lorem Ipsum is therefore always free from repetition, injected humour, or non-characteristic words etc.','2021-07-12',NULL,NULL,NULL,NULL,NULL,'SKAVXCq_VPo',NULL,'',NULL),(5,'PRUEBA 28-07','Lorem Ipsum is simply dummy text of the printing and typesetting industry. Lorem Ipsum has been the industry\'s standard dummy text ever since the 1500s, when an unknown printer took a galley of type and scrambled it to make a type specimen book. It has survived not only five centuries, but also the leap into electronic typesetting, remaining essentially unchanged. It was popularised in the 1960s with the release of Letraset sheets containing Lorem Ipsum passages, and more recently with desktop publishing software like Aldus PageMaker including versions of Lorem Ipsum.\r\n\r\n','2021-07-28','28072021162237_59919.png',NULL,NULL,NULL,NULL,NULL,NULL,'',NULL);

#
# Structure for table "premios"
#

DROP TABLE IF EXISTS `premios`;
CREATE TABLE `premios` (
  `idpremio` bigint(20) NOT NULL AUTO_INCREMENT,
  `idcampania` bigint(20) DEFAULT NULL,
  `nombre` varchar(250) DEFAULT NULL,
  `imagen` varchar(250) DEFAULT NULL,
  `tipo` varchar(250) DEFAULT NULL,
  `detalle` text DEFAULT NULL,
  `sucursales` text DEFAULT NULL,
  `valor` bigint(20) DEFAULT NULL,
  `stock_inicial` bigint(20) DEFAULT NULL,
  `vigencia_desde` date DEFAULT NULL COMMENT '1=sí;0=no;',
  `vigencia_hasta` date DEFAULT NULL COMMENT '1=sí;0=no;',
  `estado` char(1) DEFAULT NULL,
  `origen` varchar(100) DEFAULT NULL,
  `garantia` varchar(50) DEFAULT NULL,
  `destacado` char(1) DEFAULT NULL COMMENT 'S=si;N=no;',
  PRIMARY KEY (`idpremio`)
) ENGINE=InnoDB DEFAULT CHARSET=utf8;

#
# Data for table "premios"
#


#
# Structure for table "premios_codigos"
#

DROP TABLE IF EXISTS `premios_codigos`;
CREATE TABLE `premios_codigos` (
  `idcodigo` bigint(20) NOT NULL AUTO_INCREMENT,
  `idpremio` bigint(20) NOT NULL,
  `idcliente` bigint(20) DEFAULT NULL,
  `codigo` varchar(250) DEFAULT NULL,
  `disponible` int(11) DEFAULT NULL,
  `fechauso` date DEFAULT NULL,
  `fechaalta` date DEFAULT NULL,
  PRIMARY KEY (`idcodigo`,`idpremio`)
) ENGINE=InnoDB DEFAULT CHARSET=utf8;

#
# Data for table "premios_codigos"
#


#
# Structure for table "premios_grupos"
#

DROP TABLE IF EXISTS `premios_grupos`;
CREATE TABLE `premios_grupos` (
  `idpremio_grupo` bigint(20) NOT NULL AUTO_INCREMENT,
  `idpremio` bigint(20) NOT NULL,
  `idgrupo` bigint(20) NOT NULL,
  PRIMARY KEY (`idpremio_grupo`)
) ENGINE=InnoDB DEFAULT CHARSET=latin1;

#
# Data for table "premios_grupos"
#


#
# Structure for table "provincias"
#

DROP TABLE IF EXISTS `provincias`;
CREATE TABLE `provincias` (
  `idprovincia` bigint(20) NOT NULL AUTO_INCREMENT,
  `provincia` varchar(250) DEFAULT NULL,
  `orden` bigint(20) DEFAULT NULL,
  PRIMARY KEY (`idprovincia`)
) ENGINE=InnoDB AUTO_INCREMENT=26 DEFAULT CHARSET=utf8;

#
# Data for table "provincias"
#

INSERT INTO `provincias` VALUES (1,'Buenos Aires',2),(2,'Capital Federal',0),(3,'Catamarca',4),(4,'Chaco',5),(5,'Chubut',6),(6,'Cordoba',7),(7,'Corrientes',8),(8,'Entre Rios',9),(9,'Formosa',10),(10,'Jujuy',11),(11,'La Pampa',12),(12,'La Rioja',13),(13,'Mendoza',14),(14,'Misiones',15),(15,'Neuquen',16),(16,'Rio Negro',17),(17,'Salta',18),(18,'San Juan',19),(19,'San Luis',20),(20,'Santa Cruz',21),(21,'Santa Fe',22),(22,'Santiago del Estero',23),(23,'Tierra del Fuego',24),(24,'Tucuman',25),(25,'Gran Buenos Aires',1);

#
# Structure for table "puntos"
#

DROP TABLE IF EXISTS `puntos`;
CREATE TABLE `puntos` (
  `id` int(11) NOT NULL AUTO_INCREMENT,
  `concepto` varchar(250) DEFAULT NULL,
  `id_socio` int(11) DEFAULT NULL,
  `region` varchar(250) DEFAULT NULL,
  `distri` varchar(250) DEFAULT NULL COMMENT '''datos de la directa ej capital federal 1''',
  `linea` varchar(250) CHARACTER SET utf8 COLLATE utf8_spanish_ci DEFAULT NULL,
  `objetivo` float NOT NULL DEFAULT 0,
  `avance_ccc` float NOT NULL DEFAULT 0,
  `avance_por` float NOT NULL DEFAULT 0,
  `peso` float NOT NULL DEFAULT 0,
  `puntos` float NOT NULL DEFAULT 0,
  `ranking_mes` float NOT NULL DEFAULT 0,
  `ranking_acum` float NOT NULL DEFAULT 0,
  `id_supervisor` int(11) DEFAULT NULL,
  `id_kam` int(11) DEFAULT NULL,
  `id_kas` int(11) DEFAULT NULL,
  `fecha` date NOT NULL DEFAULT '0000-00-00',
  `fecha_carga` date NOT NULL DEFAULT '0000-00-00',
  PRIMARY KEY (`id`)
) ENGINE=InnoDB AUTO_INCREMENT=131 DEFAULT CHARSET=utf8;

#
# Data for table "puntos"
#

INSERT INTO `puntos` VALUES (1,'ventas',16627527,'bsas-interior','Alimentan','Coffee Mate',90,90,0.9,0.05,100,2,5,32680175,26906961,33252230,'2021-08-04','2021-08-05'),(2,'ventas',16627527,'bsas-interior','Alimentan','Dolca Orígenes',50,40,0.8,0.05,75,2,5,32680175,26906961,33252230,'2021-08-04','2021-08-05'),(3,'ventas',16627527,'bsas-interior','Alimentan','Nido 3 RTD',100,80,0.8,0.1,0,2,5,32680175,26906961,33252230,'2021-08-04','2021-08-05'),(4,'ventas',16627527,'bsas-interior','Alimentan','Nestum 125',50,30,0.6,0.1,0,2,5,32680175,26906961,33252230,'2021-08-04','2021-08-05'),(5,'ventas',16627527,'bsas-interior','Alimentan','Rebozador',100,70,0.7,0.1,100,2,5,32680175,26906961,33252230,'2021-08-04','2021-08-05'),(6,'ventas',16627527,'bsas-interior','Alimentan','Condensada',50,20,0.4,0.1,100,2,5,32680175,26906961,33252230,'2021-07-04','2021-08-05'),(7,'ventas',16627527,'bsas-interior','Alimentan','Leches Premium',100,60,0.6,0.1,50,2,5,32680175,26906961,33252230,'2021-07-04','2021-08-05'),(8,'ventas',16627527,'bsas-interior','Alimentan','Kit Kat',50,10,0.2,0.1,0,2,5,32680175,26906961,33252230,'2021-07-04','2021-08-05'),(9,'ventas',16627527,'bsas-interior','Alimentan','Purina - Dog Chow',100,50,0.5,0.1,0,2,5,32680175,26906961,33252230,'2021-07-04','2021-08-05'),(10,'ventas',16627527,'bsas-interior','Alimentan','Gerber',50,0,0,0.1,0,2,5,32680175,26906961,33252230,'2021-07-04','2021-08-05'),(11,'ventas',16627527,'bsas-centro','Alisur','Coffee Mate',5,100,0.9,0.05,5,3,1,32680175,26906961,18361421,'2021-07-04','2021-08-05'),(12,'ventas',16627527,'bsas-centro','Alisur','Dolca Orígenes',50,40,0.8,0.05,100,3,1,32680175,26906961,18361421,'2021-08-04','2021-08-05'),(13,'ventas',16627527,'bsas-centro','Alisur','Nido 3 RTD',100,80,0.8,0.1,0,3,1,32680175,26906961,18361421,'2021-08-04','2021-08-05'),(14,'ventas',16627527,'bsas-centro','Alisur','Nestum 125',50,30,0.6,0.1,0,3,1,32680175,26906961,18361421,'2021-08-04','2021-08-05'),(15,'ventas',16627527,'bsas-centro','Alisur','Rebozador',100,150,0.7,0.1,75,3,1,32680175,26906961,18361421,'2021-08-04','2021-08-05'),(16,'ventas',16627527,'bsas-centro','Alisur','Condensada',50,20,0.4,0.1,0,3,1,32680175,26906961,18361421,'2021-08-04','2021-08-05'),(17,'ventas',16627527,'bsas-centro','Alisur','Leches Premium',100,60,0.6,0.1,75,3,1,32680175,26906961,18361421,'2021-08-04','2021-08-05'),(18,'ventas',16627527,'bsas-centro','Alisur','Kit Kat',50,10,0.2,0.1,0,3,1,32680175,26906961,18361421,'2021-08-04','2021-08-05'),(19,'ventas',16627527,'bsas-centro','Alisur','Purina - Dog Chow',100,50,0.5,0.1,100,3,1,32680175,26906961,18361421,'2021-08-04','2021-08-05'),(20,'ventas',16627527,'bsas-centro','Alisur','Gerber',50,0,0,0.1,0,3,1,32680175,26906961,18361421,'2021-08-04','2021-08-05'),(21,'ventas',20846876,'nea','Andres Vagliengo','Coffee Mate',100,90,0.9,0.05,0,3,1,93953195,28610784,28181953,'2021-08-04','2021-08-05'),(22,'ventas',20846876,'nea','Andres Vagliengo','Dolca Orígenes',50,40,0.8,0.05,100,3,6,93953195,28610784,28181953,'2021-08-04','2021-08-05'),(23,'ventas',20846876,'nea','Andres Vagliengo','Nido 3 RTD',100,80,0.8,0.1,0,3,6,93953195,28610784,28181953,'2021-08-04','2021-08-05'),(24,'ventas',20846876,'nea','Andres Vagliengo','Nestum 125',50,30,0.6,0.1,0,3,6,93953195,28610784,28181953,'2021-08-04','2021-08-05'),(25,'ventas',20846876,'nea','Andres Vagliengo','Rebozador',100,70,0.7,0.1,75,3,6,93953195,28610784,28181953,'2021-08-04','2021-08-05'),(26,'ventas',20846876,'nea','Andres Vagliengo','Condensada',50,20,0.4,0.1,0,3,6,93953195,28610784,28181953,'2021-08-04','2021-08-05'),(27,'ventas',20846876,'nea','Andres Vagliengo','Leches Premium',100,60,0.6,0.1,75,3,6,93953195,28610784,28181953,'2021-08-04','2021-08-05'),(28,'ventas',20846876,'nea','Andres Vagliengo','Kit Kat',50,10,0.2,0.1,0,3,6,93953195,28610784,28181953,'2021-08-04','2021-08-05'),(29,'ventas',20846876,'nea','Andres Vagliengo','Purina - Dog Chow',100,50,0.5,0.1,100,3,6,93953195,28610784,28181953,'2021-08-04','2021-08-05'),(30,'ventas',20846876,'nea','Andres Vagliengo','Gerber',50,0,0,0.1,0,3,6,93953195,28610784,28181953,'2021-08-04','2021-08-05'),(51,'ventas',36709498,'patagonia','Casanova','Coffee Mate',100,90,0.9,0.05,0,5,3,27949070,28610784,25400705,'2021-08-04','2021-08-05'),(52,'ventas',36709499,'patagonia','Casanova','Dolca Orígenes',50,40,0.8,0.05,100,5,3,27949070,28610784,25400705,'2021-08-04','2021-08-05'),(53,'ventas',36709500,'patagonia','Casanova','Nido 3 RTD',100,80,0.8,0.1,0,5,3,27949070,28610784,25400705,'2021-08-04','2021-08-05'),(54,'ventas',36709501,'patagonia','Casanova','Nestum 125',50,30,0.6,0.1,0,5,3,27949070,28610784,25400705,'2021-08-04','2021-08-05'),(55,'ventas',36709502,'patagonia','Casanova','Rebozador',100,70,0.7,0.1,75,5,3,27949070,28610784,25400705,'2021-08-04','2021-08-05'),(56,'ventas',36709503,'patagonia','Casanova','Condensada',50,20,0.4,0.1,0,5,3,27949070,28610784,25400705,'2021-08-04','2021-08-05'),(57,'ventas',36709504,'patagonia','Casanova','Leches Premium',100,60,0.6,0.1,75,5,3,27949070,28610784,25400705,'2021-08-04','2021-08-05'),(58,'ventas',36709505,'patagonia','Casanova','Kit Kat',50,10,0.2,0.1,0,5,3,27949070,28610784,25400705,'2021-08-04','2021-08-05'),(59,'ventas',36709506,'patagonia','Casanova','Purina - Dog Chow',100,50,0.5,0.1,100,5,3,27949070,28610784,25400705,'2021-08-04','2021-08-05'),(60,'ventas',36709507,'patagonia','Casanova','Gerber',50,0,0,0.1,0,5,8,27949070,28610784,25400705,'2021-08-04','2021-08-05'),(101,'ejecucion',38109936,'noa','Distrbuidora OCD','Coffee Mate',100,90,0.9,0.05,300,7,10,20440001,29750279,28181953,'2021-08-04','2021-08-05'),(102,'ejecucion',38109936,'noa','Distrbuidora OCD','Dolca Orígenes',50,40,0.8,0.05,100,7,10,20440001,29750279,28181953,'2021-08-04','2021-08-05'),(103,'ejecucion',38109936,'noa','Distrbuidora OCD','Nido 3 RTD',100,80,0.8,0.1,0,8,6,20440001,29750279,28181953,'2021-08-04','2021-08-05'),(104,'ejecucion',38109936,'noa','Distrbuidora OCD','Nestum 125',50,30,0.6,0.1,0,8,6,20440001,29750279,28181953,'2021-08-04','2021-08-05'),(105,'ejecucion',38109936,'noa','Distrbuidora OCD','Rebozador',100,70,0.7,0.1,75,8,6,20440001,29750279,28181953,'2021-08-04','2021-08-05'),(106,'ejecucion',38109936,'noa','Distrbuidora OCD','Condensada',50,20,0.4,0.1,0,8,6,20440001,29750279,28181953,'2021-08-04','2021-08-05'),(107,'ejecucion',38109936,'noa','Distrbuidora OCD','Leches Premium',100,60,0.6,0.1,75,8,6,20440001,29750279,28181953,'2021-08-04','2021-08-05'),(108,'ejecucion',38109936,'noa','Distrbuidora OCD','Kit Kat',50,10,0.2,0.1,0,8,6,20440001,29750279,28181953,'2021-08-04','2021-08-05'),(109,'ejecucion',38109936,'noa','Distrbuidora OCD','Purina - Dog Chow',100,50,0.5,0.1,100,8,6,20440001,29750279,28181953,'2021-08-04','2021-08-05'),(110,'ejecucion',38109936,'noa','Distrbuidora OCD','Gerber',50,0,0,0.1,0,8,6,20440001,29750279,28181953,'2021-08-04','2021-08-05');

#
# Structure for table "socios"
#

DROP TABLE IF EXISTS `socios`;
CREATE TABLE `socios` (
  `id` bigint(20) NOT NULL AUTO_INCREMENT,
  `nombre` varchar(250) DEFAULT NULL COMMENT 'del distribuidor o del vendedor en caso de directa',
  `apellido` varchar(250) DEFAULT NULL COMMENT 'del distribuidor o del vendedor en caso de directa',
  `rango` varchar(20) DEFAULT NULL,
  `clave` varchar(250) DEFAULT NULL,
  `region` varchar(250) DEFAULT NULL,
  `distribuidora` varchar(255) DEFAULT NULL,
  `email` varchar(250) DEFAULT NULL,
  `direccion` varchar(500) DEFAULT NULL,
  `localidad` varchar(100) DEFAULT NULL,
  `provincia` varchar(50) DEFAULT NULL,
  `telefono` varchar(100) DEFAULT NULL,
  `fecha_carga` date DEFAULT NULL,
  `lastlog` datetime DEFAULT NULL,
  PRIMARY KEY (`id`)
) ENGINE=InnoDB AUTO_INCREMENT=432376992 DEFAULT CHARSET=latin1;

#
# Data for table "socios"
#

INSERT INTO `socios` VALUES (12876367,'Mauricio','Silva','vendedor','12876367','centro','Distribuciones Full','','','','','','2021-08-18','2021-08-23 13:52:16'),(14492626,'Lucia','Altamirano','vendedor','14492626','bsas','Dharma','','','','','','2021-08-18',NULL),(14523945,'JORGE','COUTINHO','vendedor','14523945','nea','Andres Vagliengo','','','','','','2021-08-18','2021-08-25 15:40:13'),(16363773,'Nicolas','Avila','vendedor','16363773','patagonia','Casanova','','','','','','2021-08-18',NULL),(16627527,'TOMATIS','HUGO','vendedor','16627527','litoral','Global Distribucion','','','','','','2021-08-18','2021-09-06 16:51:19'),(17316343,'MONICA','PANEDIGRANO','vendedor','17316343','bsas','SURNES','','','','','','2021-08-18',NULL),(17808618,'DANIEL','LOPEZ','vendedor','17808618','nea','Virgona Rolando','','','','','','2021-08-18',NULL),(18100635,'Adrian','Perez','vendedor','18100635','patagonia','Rocanes','','','','','','2021-08-18',NULL),(18493952,'Julio','Stabio','vendedor','18493952','patagonia','Coihue SRL','','','','','','2021-08-18',NULL),(20361001,'MARIA','BERNSKOV','vendedor','20361001','bsas-interior','Fullmix','','','','','','2021-08-18',NULL),(20673516,'MARIANA','GANSERATZ','vendedor','20673516','bsas-interior','Fullmix','','','','','','2021-08-18',NULL),(20846876,'ALEJANDRO','OJEDA','vendedor','20846876','nea','Andres Vagliengo','','','','','','2021-08-18',NULL),(21108781,'EUGENIO','LISSA','vendedor','21108781','bsas-interior','Lujanes S.A.S','','','','','','2021-08-18',NULL),(21483289,'VERONICA','PIETTE','vendedor','21483289','litoral','Global Distribucion','','','','','','2021-08-18',NULL),(21756096,'CARLOS','RENZETTI','vendedor','21756096','centro','POINT DISTRIBUCIONES SAS','','','','','','2021-08-18',NULL),(21825435,'CARINA','PELAEZ','vendedor','21825435','litoral','Global Distribucion','','','','','','2021-08-18',NULL),(21929679,'Marisol','Tempel','vendedor','21929679','patagonia','Coihue SRL','','','','','','2021-08-18',NULL),(21972658,'Laura','Barile','vendedor','21972658','patagonia','Nessur','','','','','','2021-08-18',NULL),(22305907,'Marcelo','Rosado','vendedor','22305907','patagonia','Coihue SRL','','','','','','2021-08-18',NULL),(22672542,'duilio','iamundo','vendedor','22672542','bsas','RAFAELA','','','','','','2021-08-18',NULL),(22692182,'Favio','Aguirre','vendedor','22692182','patagonia','Rocanes','','','','','','2021-08-18',NULL),(22742279,'CLAUDIA','PAZ','vendedor','22742279','bsas','SURNES','','','','','','2021-08-18',NULL),(23029883,'CARLOS','VILLA','vendedor','23029883','litoral','Full Distribuciones','','','','','','2021-08-18',NULL),(23050130,'Mariano','Da Acosta','vendedor','23050130','bsas','Fullnorte','','','','','','2021-08-18',NULL),(23159491,'Maria','Rodriguez','vendedor','23159491','patagonia','Casanova','','','','','','2021-08-18',NULL),(23273505,'Mariano','Di Stefano','vendedor','23273505','centro','Distribuciones Full','','','','','','2021-08-18',NULL),(23581502,'JULIO','GAYA','vendedor','23581502','noa','Norte Alimentos SAS','','','','','','2021-08-18',NULL),(23647708,'MARCELO','MIANO','vendedor','23647708','nea','Distribuidora Rocca','','','','','','2021-08-18',NULL),(23776090,'PABLO','FERNANDEZ','vendedor','23776090','bsas-interior','Fullmix','','','','','','2021-08-18',NULL),(23788976,'Walter','Jalil','vendedor','23788976','patagonia','Casanova','','','','','','2021-08-18',NULL),(24155709,'YAEL','EKDESMAN','vendedor','24155709','litoral','Global Distribucion','','','','','','2021-08-18',NULL),(24186195,'MARIANO','MENZIETTI','vendedor','24186195','litoral','Global Distribucion','','','','','','2021-08-18',NULL),(24296262,'ALFREDO','MACHUCA','vendedor','24296262','nea','Virgona Rolando','','','','','','2021-08-18',NULL),(24779002,'CRISTIAN','VIVIANI','vendedor','24779002','litoral','Global Distribucion','','','','','','2021-08-18',NULL),(24825740,'Carola','Izquierdo','vendedor','24825740','patagonia','Rocanes','','','','','','2021-08-18',NULL),(24914405,'MARIA','NOGALES','vendedor','24914405','bsas-interior','Fullmix','','','','','','2021-08-18',NULL),(25179399,'DANIEL','PENA','vendedor','25179399','nea','Virgona Rolando','','','','','','2021-08-18',NULL),(25206635,'DIEGO','VIDONDO','vendedor','25206635','litoral','Global Distribucion','','','','','','2021-08-18',NULL),(25316902,'JULIETA','FUSCO','vendedor','25316902','bsas','Arhat Logistica SA','','','','','','2021-08-18',NULL),(25360815,'Hernan','Virlante','vendedor','25360815','patagonia','Nessur','','','','','','2021-08-18',NULL),(25467539,'VIRGINIA','COLIN','vendedor','25467539','bsas','SURNES','','','','','','2021-08-18',NULL),(25470707,'Pereyra','Carlos','vendedor','25470707','nea','Distrbuidora OCD','','','','','','2021-08-18',NULL),(25557496,'Jorge','Striglio','vendedor','25557496','bsas','Fullnorte','','','','','','2021-08-18',NULL),(25613417,'DIEGO','UZQUEDA','vendedor','25613417','noa','Llama Azul','','','','','','2021-08-18',NULL),(25674711,'SILVANA','BORETTINI','vendedor','25674711','bsas','DISTLE','','','','','','2021-08-18',NULL),(25732496,'Maxi','Castano','vendedor','25732496','bsas','CASRO','','','','','','2021-08-18',NULL),(25817431,'Silvina','Lorenzo','vendedor','25817431','patagonia','Rocanes','','','','','','2021-08-18',NULL),(25942652,'GERMAN','PAEZ','vendedor','25942652','litoral','Global Distribucion','','','','','','2021-08-18',NULL),(26214069,'ANDRES','DIAZ','vendedor','26214069','nea','Nes Full SRL','','','','','','2021-08-18',NULL),(26366677,'vergano','Lopez','vendedor','26366677','centro','Alisur','','','','','','2021-08-18',NULL),(26458605,'Leonardo','Milenatti','vendedor','26458605','patagonia','Rocanes','','','','','','2021-08-18',NULL),(26517408,'Jose','Barrientos','vendedor','26517408','patagonia','Casanova','','','','','','2021-08-18',NULL),(26668841,'LEANDRO','MESA','vendedor','26668841','bsas-interior','Lujanes S.A.S','','','','','','2021-08-18',NULL),(26774614,'Luciano','Fantusatti','vendedor','26774614','nea','Distrbuidora OCD','','','','','','2021-08-18',NULL),(26898682,'MARCELA','JIMENEZ','vendedor','26898682','noa','Norte Alimentos SAS','','','','','','2021-08-18',NULL),(27116690,'Bruno','Botteri','vendedor','27116690','litoral','FULL PARANÁ','','','','','','2021-08-18',NULL),(27380280,'Micaela','Gerez','vendedor','27380280','bsas','Dharma','','','','','','2021-08-18',NULL),(27520059,'JAIME','CALIVA','vendedor','27520059','nea','Nes Full SRL','','','','','','2021-08-18',NULL),(27622754,'DAMIAN','CARDENAS','vendedor','27622754','bsas-interior','Lujanes S.A.S','','','','','','2021-08-18',NULL),(27851677,'CARLA','POIRIER','vendedor','27851677','bsas-interior','Lujanes S.A.S','','','','','','2021-08-18',NULL),(27958588,'PABLO','NEUMARK','vendedor','27958588','centro','Distribuciones Full','','','','','','2021-08-18',NULL),(28017471,'CARLOS','SUNER','vendedor','28017471','litoral','Full Distribuciones','','','','','','2021-08-18',NULL),(28058912,'RAMIRO','CACERES','vendedor','28058912','litoral','Global Distribucion','','','','','','2021-08-18',NULL),(28075528,'Cristian','Astorga','vendedor','28075528','patagonia','Casanova','','','','','','2021-08-18',NULL),(28123107,'MELISA','VIDELA','vendedor','28123107','bsas','Arhat Logistica SA','','','','','','2021-08-18',NULL),(28133331,'JAVIER','HERRERA','vendedor','28133331','nea','Nes Full SRL','','','','','','2021-08-18',NULL),(28168108,'VALERIA','DIGNANI','vendedor','28168108','bsas','Arhat Logistica SA','','','','','','2021-08-18',NULL),(28175312,'ENRIQUE','FARFAN','vendedor','28175312','noa','Llama Azul','','','','','','2021-08-18',NULL),(28177924,'PAULA','FARIAS','vendedor','28177924','centro','POINT DISTRIBUCIONES SAS','','','','','','2021-08-18',NULL),(28205969,'VANINA','GUANACTOLAY','vendedor','28205969','noa','Llama Azul','','','','','','2021-08-18',NULL),(28287734,'HECTOR','DIAZ','vendedor','28287734','bsas-interior','Lujanes S.A.S','','','','','','2021-08-18',NULL),(28304702,'NANCI','BASTAZO','vendedor','28304702','bsas','NORNES sa','','','','','','2021-08-18',NULL),(28509111,'Patricia','Puleo','vendedor','28509111','bsas','Dharma','','','','','','2021-08-18',NULL),(28850591,'DARIO','GONZALEZ','vendedor','28850591','centro','POINT DISTRIBUCIONES SAS','','','','','','2021-08-18',NULL),(28852582,'Carlos','Quintero','vendedor','28852582','centro','Distribuciones Full','','','','','','2021-08-18',NULL),(28960820,'DANIEL','LOTO','vendedor','28960820','nea','Virgona Rolando','','','','','','2021-08-18',NULL),(28972771,'RUBEN','RABBIA','vendedor','28972771','bsas-interior','Lujanes S.A.S','','','','','','2021-08-18',NULL),(29087410,'Leandro','Scarel','vendedor','29087410','nea','Distribuidora Rocca','','','','','','2021-08-18',NULL),(29208093,'JOSE','GONZALEZ','vendedor','29208093','nea','Andres Vagliengo','','','','','','2021-08-18',NULL),(29410309,'Adrian','Roscino','vendedor','29410309','bsas','Poncho','','','','','','2021-08-18',NULL),(29506159,'Noemi','Fernandez','vendedor','29506159','bsas','Dharma','','','','','','2021-08-18',NULL),(29520203,'SERGIO','RICART','vendedor','29520203','litoral','Full Distribuciones','','','','','','2021-08-18',NULL),(29560853,'DANIEL','SUAREZ','vendedor','29560853','litoral','Full Distribuciones','','','','','','2021-08-18',NULL),(29601090,'HUGO','ALVAREZ','vendedor','29601090','nea','J&S Distribuciones','','','','','','2021-08-18',NULL),(29689337,'VICTOR','ACUNA','vendedor','29689337','nea','Andres Vagliengo','','','','','','2021-08-18',NULL),(29917868,'SERAPIO','EDUARDO','vendedor','29917868','noa','Norte Alimentos SAS','','','','','','2021-08-18',NULL),(29982321,'ANA','ROSALES','vendedor','29982321','bsas','Arhat Logistica SA','','','','','','2021-08-18',NULL),(29984173,'ERICA','CETOLINI','vendedor','29984173','bsas-interior','Golmarnal','','','','','','2021-08-18',NULL),(30114682,'Cecilia','Lemos','vendedor','30114682','bsas','Fullnorte','','','','','','2021-08-18',NULL),(30400549,'BENJAMIN','MORENO','vendedor','30400549','patagonia','Rocanes','','','','','','2021-08-18',NULL),(30542872,'CARLOS','TEJADA','vendedor','30542872','nea','Nes Full SRL','','','','','','2021-08-18',NULL),(30599343,'ANALIA','ESTEVEZ','vendedor','30599343','bsas','SURNES','','','','','','2021-08-18',NULL),(30619445,'LUCIA','MOLINA','vendedor','30619445','nea','J&S Distribuciones','','','','','','2021-08-18',NULL),(30689764,'GUILLERMO','MATTEO','vendedor','30689764','litoral','Global Distribucion','','','','','','2021-08-18',NULL),(30709904,'FRANCISCO','BROLLO','vendedor','30709904','litoral','Full Distribuciones','','','','','','2021-08-18',NULL),(30744973,'Hernan','Cabrera','vendedor','30744973','bsas','RAFAELA','','','','','','2021-08-18',NULL),(30775981,'Sebastian','Ponce','vendedor','30775981','bsas','RAFAELA','','','','','','2021-08-18',NULL),(30862958,'Claudio','palacios','vendedor','30862958','bsas','CASRO','','','','','','2021-08-18',NULL),(30935910,'LEONARDO','GODOY','vendedor','30935910','bsas-interior','Fullmix','','','','','','2021-08-18',NULL),(30936341,'Aldo','Legue','vendedor','30936341','patagonia','Casanova','','','','','','2021-08-18',NULL),(31000271,'MARIA','PIATTI','vendedor','31000271','bsas','Arhat Logistica SA','','','','','','2021-08-18',NULL),(31142329,'FERNANDO','CABALLERO','vendedor','31142329','nea','J&S Distribuciones','','','','','','2021-08-18',NULL),(31173226,'DIEGO','PAREDES','vendedor','31173226','nea','Andres Vagliengo','','','','','','2021-08-18',NULL),(31227755,'Eugenia','Acevedo','vendedor','31227755','patagonia','Rocanes','','','','','','2021-08-18',NULL),(31290824,'franco','Sosa','vendedor','31290824','centro','Alisur','','','','','','2021-08-18',NULL),(31670328,'ALFREDO','GONZALEZ','vendedor','31670328','nea','J&S Distribuciones','','','','','','2021-08-18',NULL),(31708784,'Elias','Rodriguez','vendedor','31708784','nea','Distrbuidora OCD','','','','','','2021-08-18',NULL),(31733719,'Hugo','Cardozo','vendedor','31733719','patagonia','Coihue SRL','','','','','','2021-08-18',NULL),(31901993,'Marcos','Rearte','vendedor','31901993','centro','Alisur','','','','','','2021-08-18',NULL),(31962275,'GUSTAVO','HEREDIA','vendedor','31962275','nea','J&S Distribuciones','','','','','','2021-08-18',NULL),(31964367,'GABRIELA','CESPEDES','vendedor','31964367','bsas','Arhat Logistica SA','','','','','','2021-08-18',NULL),(32109065,'DIEGO','DOMINGUEZ','vendedor','32109065','bsas','DISTLE','','','','','','2021-08-18',NULL),(32355566,'Victor','Andres','vendedor','32355566','bsas','Fullnorte','','','','','','2021-08-18',NULL),(32408747,'JULIO','CAMACHO','vendedor','32408747','noa','Llama Azul','','','','','','2021-08-18',NULL),(32625671,'CRISTINA','ZAIDA','vendedor','32625671','noa','Llama Azul','','','','','','2021-08-18',NULL),(32685217,'Rodrigo','Alcorta','vendedor','32685217','nea','Distrbuidora OCD','','','','','','2021-08-18',NULL),(32833019,'Pablo','Cardenal','vendedor','32833019','litoral','FULL PARANÁ','','','','','','2021-08-18',NULL),(32844467,'JOAQUIN','BALASINI','vendedor','32844467','bsas','DISTLE','','','','','','2021-08-18',NULL),(32962162,'SANDRA','GONZALEZ','vendedor','32962162','bsas','Arhat Logistica SA','','','','','','2021-08-18',NULL),(32978170,'Sabrina','Ilarregui','vendedor','32978170','patagonia','Coihue SRL','','','','','','2021-08-18',NULL),(33057012,'Sebastian','Dayer','vendedor','33057012','litoral','FULL PARANÁ','','','','','','2021-08-18',NULL),(33058462,'SILVINA','TORRES','vendedor','33058462','bsas','NORNES sa','','','','','','2021-08-18',NULL),(33126071,'MARCELO','BUNDT','vendedor','33126071','nea','Andres Vagliengo','','','','','','2021-08-18',NULL),(33189603,'GABRIEL','PRIEWE','vendedor','33189603','nea','J&S Distribuciones','','','','','','2021-08-18',NULL),(33503817,'Mariano','Rojas','vendedor','33503817','bsas','CASRO','','','','','','2021-08-18',NULL),(33527370,'MARIA','SCAVONE','vendedor','33527370','litoral','Global Distribucion','','','','','','2021-08-18',NULL),(33905121,'Anyelen','Escobar','vendedor','33905121','patagonia','Nessur','','','','','','2021-08-18',NULL),(33919018,'Luciano','Alegre','vendedor','33919018','litoral','FULL PARANÁ','','','','','','2021-08-18',NULL),(33968963,'FREDY','SINGH','vendedor','33968963','noa','Norte Alimentos SAS','','','','','','2021-08-18',NULL),(33992761,'DAVID','LUQUE','vendedor','33992761','nea','Andres Vagliengo','','','','','','2021-08-18',NULL),(33999998,'FRANCO','MARTINEZ','vendedor','33999998','noa','Llama Azul','','','','','','2021-08-18',NULL),(34001135,'ARIEL','WEINSTEIN','vendedor','34001135','bsas','NORNES sa','','','','','','2021-08-18',NULL),(34042136,'GUSTAVO','CASTRO','vendedor','34042136','nea','Virgona Rolando','','','','','','2021-08-18',NULL),(34055759,'VICTOR','BOVERO','vendedor','34055759','nea','Camebo S.A.S','','','','','','2021-08-18',NULL),(34063547,'MARCO','GARAY','vendedor','34063547','nea','Nes Full SRL','','','','','','2021-08-18',NULL),(34237642,'JONATHAN','PEREZ','vendedor','34237642','nea','Distribuidora Rocca','','','','','','2021-08-18',NULL),(34410681,'NICOLAS','SARANITTE','vendedor','34410681','bsas','NORNES sa','','','','','','2021-08-18',NULL),(34449589,'MIRIAM','ARZAMENDIA','vendedor','34449589','nea','J&S Distribuciones','','','','','','2021-08-18',NULL),(34548817,'JUAN','ALARCON','vendedor','34548817','bsas','DISTLE','','','','','','2021-08-18',NULL),(34609886,'MARCELO','GUTIERREZ','vendedor','34609886','bsas-interior','Golmarnal','','','','','','2021-08-18',NULL),(34677077,'Agustin','Miranda','vendedor','34677077','nea','Distribuidora Rocca','','','','','','2021-08-18',NULL),(34719465,'emanuel','gomez','vendedor','34719465','bsas','RAFAELA','','','','','','2021-08-18',NULL),(34881015,'Matias','Dimitroff','vendedor','34881015','patagonia','Nessur','','','','','','2021-08-18',NULL),(34901565,'JUAN','TAKACS','vendedor','34901565','nea','Virgona Rolando','','','','','','2021-08-18',NULL),(34930730,'IVAN','GEORGIEFF','vendedor','34930730','bsas INT','Fullmix','','','','','','2021-08-18',NULL),(35063533,'GABRIEL','WAINZETTEL','vendedor','35063533','litoral','Full Distribuciones','','','','','','2021-08-18',NULL),(35076351,'FEDERICO','CASTIGLIA','vendedor','35076351','bsas-interior','Golmarnal','','','','','','2021-08-18',NULL),(35090407,'JOSE','Di Pietro','vendedor','35090407','centro','POINT DISTRIBUCIONES SAS','','','','','','2021-08-18',NULL),(35112580,'LUCAS','DI LEO','vendedor','35112580','bsas','DISTLE','','','','','','2021-08-18',NULL),(35184515,'JOSE','BREHINIER','vendedor','35184515','bsas','CASRO','','','','','','2021-08-18',NULL),(35258829,'Alberto','Teves','vendedor','35258829','centro','Alisur','','','','','','2021-08-18',NULL),(35324816,'GASTON','RODRIGUEZ','vendedor','35324816','bsas','NORNES sa','','','','','','2021-08-18',NULL),(35456630,'CINTI','PRIEWE','vendedor','35456630','nea','J&S Distribuciones','','','','','','2021-08-18',NULL),(35479900,'FEDERICO','GASPAR','vendedor','35479900','noa','Llama Azul','','','','','','2021-08-18',NULL),(35482278,'MOISES','AGUIRE','vendedor','35482278','noa','Norte Alimentos SAS','','','','','','2021-08-18',NULL),(35578782,'FLORENCIA','ZALAYA','vendedor','35578782','bsas','Arhat Logistica SA','','','','','','2021-08-18',NULL),(35580864,'Rolando','Guruceta','vendedor','35580864','centro','Distribuciones Full','','','','','','2021-08-18',NULL),(35606411,'Leandro','Velardez','vendedor','35606411','bsas','Fullnorte','','','','','','2021-08-18',NULL),(35774566,'GERMAN','GIANNACCINI','vendedor','35774566','bsas-interior','Alimentan','','','','','','2021-08-18',NULL),(35844653,'Ezequiel','Aliano','vendedor','35844653','patagonia','Casanova','','','','','','2021-08-18',NULL),(35942266,'DANIELA','GONZALEZ','vendedor','35942266','bsas-interior','Lujanes S.A.S','','','','','','2021-08-18',NULL),(35962117,'Mathias','Dorrego','vendedor','35962117','bsas','Poncho','','','','','','2021-08-18',NULL),(36103594,'Nestor','Neumann','vendedor','36103594','litoral','FULL PARANÁ','','','','','','2021-08-18',NULL),(36157631,'LUCAS','CASTRO','vendedor','36157631','bsas','Arhat Logistica SA','','','','','','2021-08-18',NULL),(36352978,'Nicolas','Alvarez','vendedor','36352978','patagonia','Nessur','','','','','','2021-08-18',NULL),(36446684,'DIEGO','LEDESMA','vendedor','36446684','centro','POINT DISTRIBUCIONES SAS','','','','','','2021-08-18',NULL),(36572513,'FRANCO','COLLODORO','vendedor','36572513','bsas-interior','Alimentan','','','','','','2021-08-18',NULL),(36583557,'Alfredo','Facciano','vendedor','36583557','litoral','FULL PARANÁ','','','','','','2021-08-18',NULL),(36709498,'Agustin','Barenfeldt','vendedor','36709498','patagonia','Casanova','','','','','','2021-08-18',NULL),(36797908,'MARTIN','TORNABENE','vendedor','36797908','bsas-interior','Alimentan','','','','','','2021-08-18',NULL),(36830337,'FRANCO','GOMEZ','vendedor','36830337','bsas','Fullsur','','','','','','2021-08-18',NULL),(36937612,'AGUIRRE','MARIANA','vendedor','36937612','bsas','DISTLE','','','','','','2021-08-18',NULL),(37007712,'Ezequiel','Blanco','vendedor','37007712','bsas','CASRO','','','','','','2021-08-18',NULL),(37011611,'GERONIMO','BAIRO','vendedor','37011611','bsas-interior','Fullmix','','','','','','2021-08-18',NULL),(37155890,'CARLOS','FELTAN','vendedor','37155890','nea','J&S Distribuciones','','','','','','2021-08-18',NULL),(37195947,'Ferronato','Dutto','vendedor','37195947','centro','Alisur','','','','','','2021-08-18',NULL),(37303513,'ANDRES','CRUZ','vendedor','37303513','noa','Norte Alimentos SAS','','','','','','2021-08-18',NULL),(37358359,'MARIO','GATTINI','vendedor','37358359','bsas','SURNES','','','','','','2021-08-18',NULL),(37423203,'JULIAN','GONZALEZ','vendedor','37423203','bsas','DISTLE','','','','','','2021-08-18',NULL),(37448631,'ANDRES','CAMBIASO','vendedor','37448631','litoral','Global Distribucion','','','','','','2021-08-18',NULL),(37605207,'MARIA','BAIRO','vendedor','37605207','bsas-interior','Fullmix','','','','','','2021-08-18',NULL),(37646709,'MARIANO','MAMANI','vendedor','37646709','nea','Nes Full SRL','','','','','','2021-08-18',NULL),(37669113,'LAUTARO','JIMENEZ','vendedor','37669113','bsas','Fullsur','','','','','','2021-08-18',NULL),(37720785,'MONTEROS','NICOLAS','vendedor','37720785','noa','Norte Alimentos SAS','','','','','','2021-08-18',NULL),(37789996,'CRISTIAN','LEDESMA','vendedor','37789996','bsas-interior','Fullmix','','','','','','2021-08-18',NULL),(37808697,'Pablo','Lopez','vendedor','37808697','bsas','CASRO','','','','','','2021-08-18',NULL),(37853524,'LIZARDO','ROBLEDO','vendedor','37853524','centro','POINT DISTRIBUCIONES SAS','','','','','','2021-08-18',NULL),(37925425,'GABRIEL','ORTOLA','vendedor','37925425','nea','Nes Full SRL','','','','','','2021-08-18',NULL),(37959713,'JUDITH','CONDORI','vendedor','37959713','noa','Llama Azul','','','','','','2021-08-18',NULL),(38109936,'Victor','Pautassi','vendedor','38109936','nea','Distrbuidora OCD','','','','','','2021-08-18',NULL),(38207592,'JUAN','MAGISTRE','vendedor','38207592','nea','Distribuidora Rocca','','','','','','2021-08-18',NULL),(38271279,'GABRIEL','LEGUIZAMON','vendedor','38271279','bsas','Arhat Logistica SA','','','','','','2021-08-18',NULL),(38444635,'JAVIER','BARRIENTOS','vendedor','38444635','bsas','CASRO','','','','','','2021-08-18',NULL),(38524982,'Julia','Rusconi','vendedor','38524982','patagonia','Nessur','','','','','','2021-08-18',NULL),(38533100,'Franco','Lopez','vendedor','38533100','patagonia','Rocanes','','','','','','2021-08-18',NULL),(38653160,'EMANUEL','COBOS','vendedor','38653160','noa','Norte Alimentos SAS','','','','','','2021-08-18',NULL),(38670799,'SEBASTIAN','PLEIFER','vendedor','38670799','bsas','RAFAELA','','','','','','2021-08-18',NULL),(38853831,'JULIETA','GAVIO','vendedor','38853831','bsas','SURNES','','','','','','2021-08-18',NULL),(39083598,'Matias','Volpe','vendedor','39083598','patagonia','Nessur','','','','','','2021-08-18',NULL),(39255562,'DIEGO','FAZZIO','vendedor','39255562','litoral','Full Distribuciones','','','','','','2021-08-18',NULL),(39416462,'Florencia','Rubio','vendedor','39416462','bsas','Dharma','','','','','','2021-08-18',NULL),(39483571,'CECILIA','SANCHEZ','vendedor','39483571','bsas-interior','Fullmix','','','','','','2021-08-18',NULL),(39560468,'SEBASTIAN','ABUD','vendedor','39560468','bsas','NORNES sa','','','','','','2021-08-18',NULL),(39665242,'ROCIO','LEDESMA','vendedor','39665242','bsas','Fullsur','','','','','','2021-08-18',NULL),(39805071,'AGUSTINA','VALDONE','vendedor','39805071','bsas','NORNES sa','','','','','','2021-08-18',NULL),(39915737,'Leila','Lopez','vendedor','39915737','bsas','Dharma','','','','','','2021-08-18',NULL),(40190278,'BENJAMIN','GONZALEZ','vendedor','40190278','bsas','NORNES sa','','','','','','2021-08-18',NULL),(40215662,'SOFIA','ALVEZ','vendedor','40215662','nea','Andres Vagliengo','','','','','','2021-08-18',NULL),(40234752,'Leandro','Rodriguez','vendedor','40234752','bsas','Dharma','','','','','','2021-08-18',NULL),(41068289,'IVAN','FERREYRA','vendedor','41068289','bsas-interior','Golmarnal','','','','','','2021-08-18',NULL),(41198414,'SOLEDAD','MOLINA','vendedor','41198414','bsas-interior','Golmarnal','','','','','','2021-08-18',NULL),(41198666,'NAHUEL','ANEROT','vendedor','41198666','bsas-interior','Golmarnal','','','','','','2021-08-18',NULL),(41450721,'BRAIAN','APARICIO','vendedor','41450721','bsas','Fullsur','','','','','','2021-08-18',NULL),(41855355,'ROCIO','WACELINKA','vendedor','41855355','bsas','DISTLE','','','','','','2021-08-18',NULL),(42043474,'YULISA','POYO','vendedor','42043474','bsas','DISTLE','','','','','','2021-08-18',NULL),(42128973,'SORAYA','LEWYLLE','vendedor','42128973','litoral','Global Distribucion','','','','','','2021-08-18',NULL),(42312583,'FLORENCIA','GOMEZ','vendedor','42312583','bsas','Fullsur','','','','','','2021-08-18',NULL),(42489506,'Federico','Ortiz','vendedor','42489506','bsas','Dharma','','','','','','2021-08-18',NULL),(42557386,'GUILLERMO','GOBO','vendedor','42557386','litoral','Global Distribucion','','','','','','2021-08-18',NULL),(42882296,'ANDRES','OYARBIDE','vendedor','42882296','bsas-interior','Fullmix','','','','','','2021-08-18',NULL),(42932798,'OCTAVIO','AVALOS','vendedor','42932798','bsas','Fullsur','','','','','','2021-08-18',NULL),(43094928,'FRANCO','GATTINI','vendedor','43094928','bsas','SURNES','','','','','','2021-08-18',NULL),(43237691,'GIANLUCA','GAROFALO','vendedor','43237691','litoral','Global Distribucion','','','','','','2021-08-18',NULL),(43855851,'TOBIAS','RAFFA','vendedor','43855851','bsas-interior','Fullmix','','','','','','2021-08-18',NULL),(44120450,'Sebastian','Alvarez','vendedor','44120450','bsas-interior','Distribuidores Fratelli','','','','','','2021-08-18',NULL),(71683617,'JOSE','PARDEIHAN','vendedor','71683617','nea','Camebo S.A.S','','','','','','2021-08-18',NULL),(71683618,'HUGO','CABALLERO','vendedor','71683618','nea','Camebo S.A.S','','','','','','2021-08-18',NULL),(95673243,'Luis','Rojas','vendedor','95673243','bsas','Poncho','','','','','','2021-08-18',NULL),(95754253,'PAOLA','BERMUDEZ','vendedor','95754253','bsas','NORNES sa','','','','','','2021-08-18',NULL),(95796612,'Luis','Mujica Repillosa','vendedor','95796612','bsas','Fullnorte','','','','','','2021-08-18',NULL),(95806894,'Carlos','Rincon','vendedor','95806894','bsas','RAFAELA','','','','','','2021-08-18',NULL),(95837398,'Albany','Delgado','vendedor','95837398','bsas','Poncho','','','','','','2021-08-18',NULL),(95873722,'Henry','Zambrano','vendedor','95873722','bsas','CASRO','','','','','','2021-08-18',NULL),(95881500,'EDWIN','RODRIGUEZ','vendedor','95881500','bsas-interior','Golmarnal','','','','','','2021-08-18',NULL),(95906277,'ALBERTO','BENITEZ','vendedor','95906277','bsas','DISTLE','','','','','','2021-08-18',NULL),(95913912,'Frederick','Cardozo','vendedor','95913912','bsas','Poncho','','','','','','2021-08-18',NULL),(95923723,'Yeysnard','Michel','vendedor','95923723','bsas','Poncho','','','','','','2021-08-18',NULL),(95945109,'Ronald','Gutierrez','vendedor','95945109','bsas','RAFAELA','','','','','','2021-08-18',NULL),(95955919,'Jhonson','Sanchez','vendedor','95955919','bsas','Fullnorte','','','','','','2021-08-18',NULL),(95958742,'julio','queipo','vendedor','95958742','bsas','RAFAELA','','','','','','2021-08-18',NULL),(95969847,'Eicar','Perdomo','vendedor','95969847','bsas','Poncho','','','','','','2021-08-18',NULL),(95976340,'Leonardo','Diaz','vendedor','95976340','bsas','CASRO','','','','','','2021-08-18',NULL),(95978234,'Julio','Rios Velasquez','vendedor','95978234','bsas','Fullnorte','','','','','','2021-08-18',NULL),(95983091,'Maria','Aguirre','vendedor','95983091','bsas','Poncho','','','','','','2021-08-18',NULL),(95997349,'Miguel','Zambrano','vendedor','95997349','bsas','Fullnorte','','','','','','2021-08-18',NULL),(96049001,'Francisco','Luna','vendedor','96049001','bsas','Fullnorte','','','','','','2021-08-18',NULL),(96060388,'Jose','Ropero','vendedor','96060388','bsas','RAFAELA','','','','','','2021-08-18',NULL),(96080808,'Carlos','Beaujon','vendedor','96080808','bsas','RAFAELA','','','','','','2021-08-18',NULL);

#
# Structure for table "temp_grupos"
#

DROP TABLE IF EXISTS `temp_grupos`;
CREATE TABLE `temp_grupos` (
  `idcliente` bigint(20) DEFAULT NULL,
  `codigo_cliente` varchar(250) DEFAULT NULL,
  `codigo_unico` varchar(250) DEFAULT NULL,
  `grupo` varchar(250) DEFAULT NULL,
  KEY `indice_nombre` (`idcliente`,`grupo`)
) ENGINE=InnoDB DEFAULT CHARSET=latin1;

#
# Data for table "temp_grupos"
#


#
# Structure for table "usuarios"
#

DROP TABLE IF EXISTS `usuarios`;
CREATE TABLE `usuarios` (
  `idusuario` bigint(20) NOT NULL AUTO_INCREMENT,
  `tipo` char(1) DEFAULT NULL COMMENT 'A=admin O=operador',
  `usuario` varchar(250) DEFAULT NULL,
  `clave` varchar(250) DEFAULT NULL,
  PRIMARY KEY (`idusuario`)
) ENGINE=InnoDB AUTO_INCREMENT=2 DEFAULT CHARSET=utf8;

#
# Data for table "usuarios"
#

INSERT INTO `usuarios` VALUES (1,'A','admin','holagp!');
